avg_score,avg_score_no,avg_diff,step_idx,avg_winning,loss_train
0.2271,0.0271,0.035,300,0.2,0.051
0.23147,0.02647,0.03,600,0.205,0.056
0.22289,0.02789,0.025,900,0.195,0.03
0.22784,0.02784,0.04,1200,0.2,0.039
0.21315,0.02815,0.04,1500,0.185,0.055
0.22259,0.02759,0.02,1800,0.195,0.053
0.24883,0.02883,0.03,2100,0.22,0.056
0.2382,0.0282,0.02,2400,0.21,0.004
0.26386,0.02886,0.01,2700,0.235,0.047
0.32495,0.02995,0.02,3000,0.295,0.05
0.28048,0.03048,0.02,3300,0.25,0.013
0.29464,0.02964,0.02,3600,0.265,0.001
0.29427,0.02927,0.015,3900,0.265,0.053
0.27538,0.03038,0.02,4200,0.245,0.061
0.29967,0.02967,0.04,4500,0.27,0.061
0.28616,0.03116,0.03,4800,0.255,0.015
0.33706,0.03206,0.005,5100,0.305,0.056
0.34154,0.03154,0.035,5400,0.31,0.044
0.33167,0.03167,0.01,5700,0.3,0.002
0.31627,0.03127,0.015,6000,0.285,0.042
0.32105,0.03105,0.0,6300,0.29,0.032
0.30557,0.03057,0.02,6600,0.275,0.046
0.34051,0.03051,0.015,6900,0.31,0.032
0.28494,0.02994,0.035,7200,0.255,0.037
0.32141,0.03141,0.025,7500,0.29,0.023
0.31009,0.03009,0.03,7800,0.28,0.005
0.31514,0.03014,0.015,8100,0.285,0.01
0.29483,0.02983,0.015,8400,0.265,0.016
0.3096,0.0296,0.02,8700,0.28,-0.004
0.29043,0.03043,0.03,9000,0.26,-0.039
0.29076,0.03076,0.015,9300,0.26,0.014
0.28088,0.03088,0.01,9600,0.25,0.008
0.3412,0.0312,0.045,9900,0.31,0.028
0.34232,0.03232,0.015,10200,0.31,0.077
0.3533,0.0333,0.025,10500,0.32,-0.005
0.3266,0.0316,0.0,10800,0.295,-0.023
0.33236,0.03236,0.0,11100,0.3,0.026
0.34781,0.03281,0.02,11400,0.315,0.022
0.3423,0.0323,0.015,11700,0.31,-0.006
0.322,0.032,0.015,12000,0.29,0.043
0.36739,0.03239,0.02,12300,0.335,0.022
0.35223,0.03223,0.02,12600,0.32,0.032
0.36244,0.03244,0.015,12900,0.33,0.032
0.30737,0.03237,0.005,13200,0.275,0.039
0.3221,0.0321,0.0,13500,0.29,0.011
0.31758,0.03258,0.0,13800,0.285,0.013
0.27511,0.03011,0.005,14100,0.245,-0.014
0.27235,0.03235,0.0,14400,0.24,0.047
0.30254,0.03254,0.02,14700,0.27,0.012
0.30273,0.03273,0.02,15000,0.27,0.084
0.28681,0.03181,0.02,15300,0.255,0.013
0.29734,0.03234,0.025,15600,0.265,0.056
0.30307,0.03307,0.015,15900,0.27,0.001
0.34518,0.03518,0.035,16200,0.31,0.02
0.3256,0.0356,0.055,16500,0.29,0.022
0.35636,0.03636,0.045,16800,0.32,-0.024
0.3719,0.0369,0.035,17100,0.335,0.021
0.33097,0.03597,0.03,17400,0.295,0.006
0.35657,0.03657,0.03,17700,0.32,0.009
0.38238,0.03738,0.005,18000,0.345,-0.018
0.37144,0.03644,0.025,18300,0.335,-0.005
0.37122,0.03622,0.005,18600,0.335,-0.01
0.3653,0.0353,0.01,18900,0.33,-0.0
0.36107,0.03607,0.02,19200,0.325,0.005
0.3758,0.0358,0.0,19500,0.34,0.03
0.37068,0.03568,0.005,19800,0.335,-0.029
0.34486,0.03486,0.005,20100,0.31,0.01
0.37146,0.03646,0.005,20400,0.335,0.035
0.3712,0.0362,0.005,20700,0.335,0.015
0.36052,0.03552,-0.01,21000,0.325,0.019
0.39173,0.03673,0.01,21300,0.355,-0.001
0.39867,0.03867,-0.005,21600,0.36,0.03
0.41936,0.03936,0.005,21900,0.38,-0.001
0.45344,0.03844,0.035,22200,0.415,0.021
0.42988,0.03988,0.015,22500,0.39,0.027
0.44069,0.04069,0.015,22800,0.4,-0.012
0.44473,0.03973,0.015,23100,0.405,-0.029
0.46136,0.04136,0.01,23400,0.42,0.011
0.45061,0.04061,0.03,23700,0.41,0.0
0.46069,0.04069,0.045,24000,0.42,-0.005
0.44566,0.04066,0.045,24300,0.405,-0.025
0.44119,0.04119,0.04,24600,0.4,-0.009
0.47665,0.04165,0.025,24900,0.435,-0.069
0.42993,0.03993,0.02,25200,0.39,0.009
0.46163,0.04163,0.035,25500,0.42,-0.001
0.46586,0.04086,0.035,25800,0.425,0.011
0.43061,0.04061,0.05,26100,0.39,-0.017
0.44138,0.04138,0.04,26400,0.4,0.02
0.43071,0.04071,0.015,26700,0.39,-0.039
0.40523,0.04023,0.03,27000,0.365,-0.023
0.43493,0.03993,0.035,27300,0.395,-0.009
0.41491,0.03991,0.035,27600,0.375,0.007
0.41558,0.04058,0.03,27900,0.375,-0.015
0.41581,0.04081,0.025,28200,0.375,0.019
0.39501,0.04001,0.02,28500,0.355,-0.004
0.40063,0.04063,0.03,28800,0.36,-0.039
0.43039,0.04039,0.015,29100,0.39,0.004
0.3985,0.0385,0.025,29400,0.36,-0.018
0.39404,0.03904,0.02,29700,0.355,0.001
0.4147,0.0397,0.005,30000,0.375,0.006
0.41956,0.03956,0.005,30300,0.38,-0.005
0.36491,0.03491,0.005,30600,0.33,0.021
0.41135,0.04135,0.02,30900,0.37,-0.035
0.43645,0.04145,0.04,31200,0.395,0.031
0.40957,0.03957,0.025,31500,0.37,-0.011
0.29159,0.03159,-0.015,31800,0.26,-0.026
0.4208,0.0408,0.04,32100,0.38,-0.018
0.37243,0.03743,0.03,32400,0.335,-0.039
0.44918,0.03918,0.02,32700,0.41,-0.032
0.41598,0.03598,0.02,33000,0.38,-0.003
0.46129,0.03629,0.015,33300,0.425,-0.034
0.44639,0.03639,0.01,33600,0.41,-0.025
0.4446,0.0396,0.005,33900,0.405,-0.009
0.49559,0.04059,0.01,34200,0.455,0.005
0.44106,0.03606,0.015,34500,0.405,0.017
0.47538,0.04038,0.015,34800,0.435,-0.085
0.44846,0.03846,0.02,35100,0.41,0.029
0.44764,0.03764,0.02,35400,0.41,0.01
0.48955,0.03955,0.02,35700,0.45,-0.012
0.47309,0.03809,0.015,36000,0.435,-0.022
0.45821,0.03821,0.005,36300,0.42,-0.026
0.46656,0.03656,0.02,36600,0.43,-0.02
0.4395,0.0345,0.03,36900,0.405,-0.017
0.46876,0.03876,0.045,37200,0.43,-0.031
0.46822,0.03822,0.005,37500,0.43,0.007
0.46975,0.03975,0.015,37800,0.43,-0.03
0.42333,0.03833,0.01,38100,0.385,-0.009
0.49732,0.04232,0.03,38400,0.455,0.034
0.50258,0.04258,0.025,38700,0.46,-0.018
0.4868,0.0418,0.0,39000,0.445,0.007
0.46482,0.03982,-0.005,39300,0.425,-0.024
0.47867,0.03867,0.01,39600,0.44,0.015
0.49004,0.04004,0.025,39900,0.45,-0.019
0.48695,0.04195,0.01,40200,0.445,0.029
0.46609,0.04109,0.01,40500,0.425,-0.012
0.49822,0.04322,0.03,40800,0.455,-0.056
0.48257,0.04257,0.0,41100,0.44,-0.018
0.49705,0.04205,0.02,41400,0.455,-0.041
0.48233,0.04233,0.025,41700,0.44,-0.015
0.48817,0.04317,0.02,42000,0.445,-0.013
0.45628,0.04128,0.025,42300,0.415,0.013
0.46638,0.04138,0.03,42600,0.425,-0.012
0.45062,0.04062,0.015,42900,0.41,-0.025
0.45969,0.03969,0.035,43200,0.42,-0.034
0.44512,0.04012,0.02,43500,0.405,0.007
0.44479,0.03979,0.02,43800,0.405,-0.016
0.47106,0.04106,0.03,44100,0.43,-0.001
0.45637,0.04137,0.005,44400,0.415,-0.033
0.42988,0.03988,0.025,44700,0.39,-0.018
0.45216,0.04216,0.005,45000,0.41,-0.005
0.4527,0.0427,0.015,45300,0.41,-0.0
0.4478,0.0428,0.025,45600,0.405,-0.023
0.44146,0.04146,0.02,45900,0.4,0.011
0.44132,0.04132,0.035,46200,0.4,0.001
0.44455,0.03955,0.035,46500,0.405,-0.033
0.44013,0.04013,0.03,46800,0.4,0.004
0.45189,0.04189,0.035,47100,0.41,-0.046
0.46769,0.04269,0.035,47400,0.425,0.008
0.43371,0.04371,0.04,47700,0.39,-0.014
0.44316,0.04316,0.04,48000,0.4,0.003
0.45186,0.04186,0.04,48300,0.41,-0.018
0.47508,0.04508,0.02,48600,0.43,-0.035
0.47293,0.04293,0.04,48900,0.43,-0.012
0.46854,0.04354,0.035,49200,0.425,0.0
0.4583,0.0433,0.03,49500,0.415,0.024
0.46821,0.04321,0.03,49800,0.425,-0.055
0.45933,0.04433,0.02,50100,0.415,0.004
0.46097,0.04097,0.015,50400,0.42,-0.029
0.44551,0.04051,0.02,50700,0.405,0.003
0.46676,0.04176,0.015,51000,0.425,-0.027
0.46214,0.04214,0.025,51300,0.42,-0.023
0.45609,0.04109,0.025,51600,0.415,-0.042
0.47742,0.04242,0.005,51900,0.435,-0.053
0.45593,0.04093,0.04,52200,0.415,-0.049
0.46826,0.04326,0.05,52500,0.425,0.008
0.41058,0.04058,0.05,52800,0.37,0.021
0.41129,0.04129,0.045,53100,0.37,0.021
0.48832,0.04332,0.04,53400,0.445,0.016
0.47241,0.04241,0.025,53700,0.43,-0.025
0.47338,0.04338,0.025,54000,0.43,-0.005
0.47865,0.04365,0.035,54300,0.435,0.004
0.47934,0.04434,0.04,54600,0.435,-0.033
0.44771,0.04271,0.04,54900,0.405,-0.014
0.45815,0.04315,0.025,55200,0.415,-0.02
0.42614,0.04114,0.01,55500,0.385,0.013
0.46868,0.03868,0.01,55800,0.43,0.019
0.45748,0.04248,0.025,56100,0.415,0.021
0.47314,0.04314,0.03,56400,0.43,-0.033
0.46842,0.04342,0.035,56700,0.425,-0.035
0.47387,0.04387,0.02,57000,0.43,-0.007
0.48893,0.04393,0.035,57300,0.445,0.003
0.49873,0.04373,0.035,57600,0.455,-0.023
0.46342,0.04342,0.03,57900,0.42,-0.021
0.47166,0.04166,0.035,58200,0.43,0.022
0.47148,0.04148,0.035,58500,0.43,0.004
0.48821,0.04321,0.035,58800,0.445,0.029
0.47449,0.04449,0.015,59100,0.43,-0.005
0.49519,0.04519,0.01,59400,0.45,0.016
0.49369,0.04369,0.02,59700,0.45,0.008
0.4896,0.0446,0.01,60000,0.445,0.037
0.4986,0.0436,0.025,60300,0.455,-0.01
0.4828,0.0428,0.025,60600,0.44,0.006
0.49806,0.04306,0.015,60900,0.455,-0.034
0.51348,0.04348,0.015,61200,0.47,-0.02
0.49708,0.04208,0.025,61500,0.455,-0.001
0.49423,0.04423,0.025,61800,0.45,-0.034
0.50841,0.04341,0.02,62100,0.465,0.004
0.50963,0.04463,0.03,62400,0.465,-0.011
0.50928,0.04428,0.035,62700,0.465,0.013
0.51061,0.04561,0.025,63000,0.465,-0.008
0.49923,0.04423,0.02,63300,0.455,-0.014
0.50899,0.04399,0.035,63600,0.465,0.029
0.505,0.045,0.015,63900,0.46,-0.01
0.48481,0.04481,0.015,64200,0.44,-0.039
0.4942,0.0442,0.015,64500,0.45,0.026
0.50899,0.04399,0.03,64800,0.465,0.016
0.51025,0.04525,0.025,65100,0.465,-0.036
0.49821,0.04321,0.015,65400,0.455,0.005
0.49957,0.04457,0.005,65700,0.455,0.007
0.49958,0.04458,0.02,66000,0.455,0.024
0.48968,0.04468,0.025,66300,0.445,0.03
0.46921,0.04421,0.03,66600,0.425,0.033
0.47893,0.04393,0.025,66900,0.435,-0.031
0.50155,0.04155,0.02,67200,0.46,-0.014
0.4821,0.0421,0.015,67500,0.44,0.045
0.493,0.043,0.005,67800,0.45,-0.037
0.47393,0.04393,0.01,68100,0.43,-0.0
0.45831,0.04331,0.02,68400,0.415,0.039
0.4993,0.0443,0.03,68700,0.455,-0.03
0.49746,0.04246,0.02,69000,0.455,-0.003
0.47779,0.04279,0.03,69300,0.435,-0.018
0.4725,0.0425,0.025,69600,0.43,-0.003
0.47703,0.04203,0.015,69900,0.435,-0.037
0.49804,0.04304,0.025,70200,0.455,0.013
0.47716,0.04216,0.01,70500,0.435,-0.016
0.47119,0.04119,0.03,70800,0.43,-0.018
0.50651,0.04151,0.025,71100,0.465,-0.029
0.50107,0.04107,0.025,71400,0.46,-0.003
0.45561,0.04061,0.01,71700,0.415,-0.025
0.46235,0.04235,0.015,72000,0.42,-0.007
0.467,0.042,0.03,72300,0.425,0.016
0.45243,0.04243,0.025,72600,0.41,0.035
0.47828,0.04328,0.015,72900,0.435,0.02
0.4415,0.0415,0.02,73200,0.4,-0.039
0.483,0.043,0.02,73500,0.44,0.006
0.50996,0.04496,0.03,73800,0.465,0.016
0.48801,0.04301,0.03,74100,0.445,0.01
0.4661,0.0411,0.035,74400,0.425,0.009
0.46605,0.04105,0.02,74700,0.425,-0.015
0.47926,0.03926,0.01,75000,0.44,-0.007
0.49245,0.04245,0.015,75300,0.45,0.008
0.48616,0.04116,0.02,75600,0.445,-0.003
0.48146,0.04146,0.025,75900,0.44,-0.02
0.48183,0.04183,0.015,76200,0.44,0.049
0.48079,0.04079,0.02,76500,0.44,0.02
0.47761,0.04261,0.015,76800,0.435,-0.06
0.46559,0.04059,0.02,77100,0.425,-0.018
0.46689,0.04189,0.01,77400,0.425,-0.012
0.46942,0.03942,0.015,77700,0.43,0.003
0.47589,0.04089,0.005,78000,0.435,-0.017
0.48942,0.03942,0.015,78300,0.45,-0.032
0.49558,0.04058,0.02,78600,0.455,0.007
0.48813,0.03813,0.01,78900,0.45,-0.026
0.47504,0.04004,0.01,79200,0.435,-0.03
0.47485,0.03985,0.02,79500,0.435,-0.017
0.46894,0.03894,0.02,79800,0.43,-0.038
0.46304,0.03804,0.025,80100,0.425,-0.007
0.46445,0.03945,0.025,80400,0.425,-0.012
0.49017,0.04017,0.025,80700,0.45,-0.03
0.49928,0.03928,0.035,81000,0.46,0.014
0.48735,0.03735,0.02,81300,0.45,-0.057
0.53202,0.03702,0.01,81600,0.495,0.002
0.48244,0.03744,0.015,81900,0.445,0.02
0.4821,0.0371,0.015,82200,0.445,-0.044
0.49943,0.03943,0.025,82500,0.46,-0.032
0.4841,0.0391,0.025,82800,0.445,-0.029
0.51113,0.04113,0.025,83100,0.47,0.036
0.46575,0.04075,0.035,83400,0.425,-0.042
0.45559,0.04059,0.025,83700,0.415,-0.036
0.49117,0.04117,0.045,84000,0.45,-0.016
0.47701,0.04201,0.02,84300,0.435,-0.009
0.48723,0.04223,0.025,84600,0.445,0.012
0.51179,0.04179,0.025,84900,0.47,0.036
0.50294,0.04294,0.035,85200,0.46,-0.019
0.46537,0.04037,0.015,85500,0.425,-0.012
0.45563,0.04063,0.03,85800,0.415,0.018
0.48629,0.04129,0.035,86100,0.445,-0.003
0.48662,0.04162,0.02,86400,0.445,-0.016
0.49747,0.04247,0.03,86700,0.455,0.037
0.48526,0.04026,0.03,87000,0.445,-0.041
0.42377,0.03877,0.025,87300,0.385,-0.06
0.42685,0.03685,0.03,87600,0.39,-0.02
0.45178,0.03678,0.025,87900,0.415,0.003
0.45787,0.03787,0.005,88200,0.42,0.017
0.4575,0.0375,0.01,88500,0.42,-0.014
0.44438,0.03938,0.005,88800,0.405,-0.015
0.47063,0.04063,0.02,89100,0.43,-0.032
0.4702,0.0402,0.02,89400,0.43,-0.02
0.44922,0.03922,0.02,89700,0.41,-0.025
0.4738,0.0388,0.015,90000,0.435,-0.071
0.47334,0.03834,0.015,90300,0.435,-0.031
0.48472,0.03972,0.02,90600,0.445,-0.004
0.46254,0.03754,0.025,90900,0.425,-0.012
0.44347,0.03847,0.03,91200,0.405,0.016
0.43305,0.03805,0.03,91500,0.395,-0.004
0.47017,0.04017,0.015,91800,0.43,0.012
0.46485,0.03985,0.025,92100,0.425,0.015
0.44899,0.03899,0.025,92400,0.41,-0.027
0.45401,0.03901,0.015,92700,0.415,-0.058
0.45921,0.03921,0.025,93000,0.42,0.013
0.51373,0.03873,0.02,93300,0.475,-0.074
0.48214,0.03714,0.02,93600,0.445,0.019
0.48937,0.03937,0.035,93900,0.45,0.02
0.47039,0.04039,0.035,94200,0.43,-0.014
0.46501,0.04001,0.02,94500,0.425,-0.019
0.44288,0.03788,0.01,94800,0.405,-0.043
0.46463,0.03963,0.015,95100,0.425,-0.012
0.49013,0.04013,0.005,95400,0.45,-0.024
0.4755,0.0405,0.025,95700,0.435,0.019
0.46016,0.04016,0.02,96000,0.42,0.009
0.46582,0.04082,0.025,96300,0.425,0.022
0.47536,0.04036,0.025,96600,0.435,0.022
0.4705,0.0405,0.01,96900,0.43,-0.036
0.47621,0.04121,0.03,97200,0.435,0.004
0.48051,0.04051,0.03,97500,0.44,-0.017
0.49666,0.04166,0.015,97800,0.455,-0.031
0.48594,0.04094,0.015,98100,0.445,-0.013
0.50157,0.04157,0.02,98400,0.46,-0.017
0.45581,0.04081,0.01,98700,0.415,-0.017
0.48076,0.04076,0.015,99000,0.44,-0.026
0.45778,0.04278,0.03,99300,0.415,-0.0
0.47212,0.04212,0.015,99600,0.43,-0.054
0.47193,0.04193,0.03,99900,0.43,-0.005
0.47601,0.04101,0.02,100200,0.435,-0.064
0.4814,0.0414,0.005,100500,0.44,-0.057
0.49514,0.04014,0.02,100800,0.455,-0.049
0.50587,0.04087,0.0,101100,0.465,-0.022
0.47666,0.04166,0.015,101400,0.435,0.022
0.49524,0.04024,0.01,101700,0.455,0.013
0.46955,0.03955,0.025,102000,0.43,-0.022
0.46947,0.03947,0.015,102300,0.43,0.002
0.49525,0.04025,0.03,102600,0.455,-0.004
0.49035,0.04035,0.01,102900,0.45,-0.041
0.46501,0.04001,0.03,103200,0.425,-0.027
0.48395,0.03895,0.015,103500,0.445,-0.035
0.49924,0.03924,0.035,103800,0.46,-0.032
0.48894,0.03894,0.02,104100,0.45,-0.01
0.45202,0.03702,0.03,104400,0.415,0.0
0.50505,0.04005,0.015,104700,0.465,-0.009
0.49368,0.03868,0.015,105000,0.455,-0.025
0.50263,0.03763,0.015,105300,0.465,-0.029
0.50904,0.03904,0.025,105600,0.47,0.016
0.50031,0.04031,0.03,105900,0.46,-0.067
0.48881,0.03881,0.035,106200,0.45,0.015
0.485,0.04,0.015,106500,0.445,0.004
0.45894,0.03894,0.03,106800,0.42,-0.015
0.50572,0.04072,0.02,107100,0.465,0.014
0.51535,0.04035,0.025,107400,0.475,0.01
0.53,0.04,0.005,107700,0.49,-0.032
0.49338,0.03838,0.005,108000,0.455,-0.024
0.51553,0.04053,0.01,108300,0.475,-0.004
0.49935,0.03935,0.035,108600,0.46,-0.027
0.49486,0.03986,0.015,108900,0.455,-0.006
0.52008,0.04008,0.035,109200,0.48,-0.007
0.48779,0.03779,0.02,109500,0.45,0.027
0.50405,0.03905,0.01,109800,0.465,-0.029
0.494,0.039,0.035,110100,0.455,0.007
0.50303,0.03803,0.025,110400,0.465,-0.007
0.49259,0.03759,0.02,110700,0.455,-0.048
0.46663,0.03663,0.025,111000,0.43,-0.036
0.48966,0.03966,0.01,111300,0.45,0.028
0.46769,0.03769,0.025,111600,0.43,-0.019
0.50945,0.03945,0.005,111900,0.47,-0.069
0.5134,0.0384,0.015,112200,0.475,-0.059
0.49364,0.03864,0.025,112500,0.455,-0.002
0.50798,0.03798,0.02,112800,0.47,0.006
0.5083,0.0383,0.015,113100,0.47,0.021
0.48883,0.03883,0.015,113400,0.45,0.024
0.49436,0.03936,0.01,113700,0.455,-0.02
0.52373,0.03873,0.02,114000,0.485,-0.012
0.5177,0.0377,0.01,114300,0.48,-0.019
0.49953,0.03953,0.005,114600,0.46,0.048
0.51463,0.03963,0.01,114900,0.475,-0.015
0.47621,0.04121,0.01,115200,0.435,0.006
0.49804,0.03804,0.005,115500,0.46,-0.056
0.43979,0.03979,0.01,115800,0.4,0.004
0.48095,0.04095,-0.005,116100,0.44,-0.0
0.46977,0.03977,0.01,116400,0.43,-0.02
0.45406,0.03906,0.01,116700,0.415,0.006
0.48042,0.04042,0.03,117000,0.44,-0.033
0.47612,0.04112,0.015,117300,0.435,0.005
0.46576,0.04076,0.02,117600,0.425,0.019
0.44113,0.04113,0.015,117900,0.4,-0.018
0.44115,0.04115,0.01,118200,0.4,-0.019
0.45975,0.03975,0.025,118500,0.42,-0.127
0.44494,0.03994,0.025,118800,0.405,0.027
0.43026,0.04026,0.025,119100,0.39,-0.037
0.47064,0.04064,0.015,119400,0.43,-0.015
0.44162,0.04162,0.01,119700,0.4,-0.004
0.44611,0.04111,0.03,120000,0.405,0.015
0.47035,0.04035,0.015,120300,0.43,-0.057
0.50098,0.04098,0.02,120600,0.46,-0.01
0.46924,0.03924,0.01,120900,0.43,-0.032
0.47266,0.03766,0.005,121200,0.435,-0.02
0.48256,0.03756,0.025,121500,0.445,-0.031
0.49068,0.04068,0.015,121800,0.45,-0.038
0.48403,0.03903,0.02,122100,0.445,-0.023
0.48631,0.03631,0.015,122400,0.45,-0.057
0.46884,0.03884,0.025,122700,0.43,-0.011
0.51492,0.03992,0.015,123000,0.475,-0.089
0.47336,0.03836,0.015,123300,0.435,0.014
0.49423,0.03923,0.005,123600,0.455,-0.029
0.46866,0.03866,0.0,123900,0.43,0.01
0.47803,0.03803,0.02,124200,0.44,-0.022
0.4787,0.0387,0.025,124500,0.44,-0.028
0.48772,0.03772,0.02,124800,0.45,-0.02
0.49901,0.03901,0.005,125100,0.46,-0.007
0.47216,0.03716,0.03,125400,0.435,-0.023
0.50828,0.03828,0.025,125700,0.47,-0.005
0.52549,0.04049,0.015,126000,0.485,-0.017
0.4726,0.0376,0.015,126300,0.435,-0.007
0.45367,0.03867,0.01,126600,0.415,-0.053
0.46449,0.03949,0.035,126900,0.425,0.027
0.49431,0.03931,0.04,127200,0.455,-0.009
0.49959,0.03959,0.02,127500,0.46,-0.023
0.46464,0.03964,0.035,127800,0.425,-0.036
0.46981,0.03981,0.03,128100,0.43,0.018
0.46309,0.03809,0.0,128400,0.425,-0.062
0.45953,0.03953,0.03,128700,0.42,-0.03
0.45343,0.03843,0.045,129000,0.415,-0.022
0.45878,0.03878,0.045,129300,0.42,-0.004
0.46412,0.03912,0.025,129600,0.425,-0.03
0.47408,0.03908,0.03,129900,0.435,0.018
0.43324,0.03824,0.015,130200,0.395,0.013
0.4596,0.0396,0.02,130500,0.42,-0.032
0.44461,0.03961,0.025,130800,0.405,-0.007
0.4607,0.0407,0.01,131100,0.42,0.006
0.48067,0.04067,0.025,131400,0.44,-0.0
0.46416,0.03916,0.02,131700,0.425,-0.021
0.50011,0.04011,0.005,132000,0.46,-0.063
0.47325,0.03825,0.03,132300,0.435,-0.01
0.46995,0.03995,0.03,132600,0.43,0.003
0.45929,0.03929,0.015,132900,0.42,0.015
0.47931,0.03931,0.03,133200,0.44,0.023
0.41698,0.03698,0.025,133500,0.38,-0.038
0.47307,0.03807,0.03,133800,0.435,-0.028
0.47363,0.03863,0.03,134100,0.435,-0.002
0.47297,0.03797,0.01,134400,0.435,0.003
0.47412,0.03912,0.025,134700,0.435,-0.034
0.46858,0.03858,0.035,135000,0.43,-0.032
0.45742,0.03742,0.035,135300,0.42,-0.016
0.49959,0.03959,0.025,135600,0.46,-0.023
0.50375,0.03875,0.02,135900,0.465,-0.028
0.49199,0.03699,0.035,136200,0.455,0.001
0.49383,0.03883,0.025,136500,0.455,0.016
0.45366,0.03866,0.015,136800,0.415,-0.012
0.44856,0.03856,0.025,137100,0.41,-0.011
0.45722,0.03722,0.045,137400,0.42,-0.05
0.47283,0.03783,0.02,137700,0.435,-0.041
0.46351,0.03851,0.025,138000,0.425,-0.04
0.47479,0.03979,0.03,138300,0.435,-0.041
0.46794,0.03794,0.03,138600,0.43,0.009
0.49412,0.03912,0.015,138900,0.455,-0.013
0.45212,0.03712,0.025,139200,0.415,-0.008
0.51016,0.04016,0.02,139500,0.47,0.018
0.49397,0.03897,0.035,139800,0.455,-0.028
0.48214,0.03714,0.025,140100,0.445,-0.055
0.47307,0.03807,0.02,140400,0.435,-0.025
0.47306,0.03806,0.025,140700,0.435,-0.029
0.49348,0.03848,0.01,141000,0.455,-0.032
0.45785,0.03785,0.045,141300,0.42,-0.07
0.43698,0.03698,0.03,141600,0.4,-0.001
0.47899,0.03899,0.02,141900,0.44,-0.028
0.45793,0.03793,0.03,142200,0.42,-0.026
0.47677,0.03677,0.025,142500,0.44,-0.014
0.45633,0.03633,0.05,142800,0.42,0.012
0.47439,0.03439,0.04,143100,0.44,-0.014
0.53655,0.03655,0.04,143400,0.5,0.006
0.48097,0.03597,0.035,143700,0.445,-0.019
0.47029,0.03529,0.035,144000,0.435,0.004
0.47595,0.03595,0.035,144300,0.44,-0.014
0.47586,0.03586,0.03,144600,0.44,-0.001
0.49543,0.03543,0.035,144900,0.46,-0.006
0.51206,0.03706,0.045,145200,0.475,-0.002
0.5172,0.0372,0.04,145500,0.48,-0.027
0.47837,0.03837,0.045,145800,0.44,-0.02
0.47803,0.03803,0.045,146100,0.44,-0.003
0.4472,0.0372,0.025,146400,0.41,0.005
0.43313,0.03813,0.025,146700,0.395,0.004
0.47265,0.03765,0.045,147000,0.435,0.001
0.46683,0.03683,0.04,147300,0.43,0.014
0.48162,0.03662,0.055,147600,0.445,0.038
0.45786,0.03786,0.03,147900,0.42,-0.021
0.5186,0.0386,0.025,148200,0.48,0.02
0.48906,0.03906,0.055,148500,0.45,0.047
0.48964,0.03964,0.04,148800,0.45,-0.041
0.47414,0.03914,0.02,149100,0.435,-0.004
0.46971,0.03971,0.035,149400,0.43,0.011
0.45797,0.03797,0.025,149700,0.42,-0.035
0.46734,0.03734,0.02,150000,0.43,-0.0
0.45755,0.03755,0.03,150300,0.42,0.002
0.469,0.039,0.03,150600,0.43,0.001
0.45016,0.04016,0.025,150900,0.41,0.026
0.49984,0.03984,0.04,151200,0.46,-0.027
0.48429,0.03929,0.015,151500,0.445,0.029
0.50669,0.04169,0.005,151800,0.465,-0.022
0.46107,0.04107,0.03,152100,0.42,-0.021
0.45468,0.03968,0.025,152400,0.415,-0.046
0.47979,0.03979,0.03,152700,0.44,0.006
0.47548,0.04048,0.025,153000,0.435,0.006
0.51547,0.04047,0.025,153300,0.475,-0.005
0.46985,0.03985,0.025,153600,0.43,0.0
0.44044,0.04044,0.03,153900,0.4,-0.033
0.49541,0.04041,0.03,154200,0.455,-0.023
0.49399,0.03899,0.03,154500,0.455,-0.025
0.46971,0.03971,0.045,154800,0.43,-0.005
0.50411,0.03911,0.04,155100,0.465,0.014
0.47456,0.03956,0.04,155400,0.435,0.037
0.4936,0.0386,0.035,155700,0.455,-0.066
0.50409,0.03909,0.035,156000,0.465,0.037
0.46029,0.04029,0.02,156300,0.42,-0.005
0.49035,0.04035,0.03,156600,0.45,-0.007
0.48992,0.03992,0.01,156900,0.45,0.008
0.51917,0.03917,0.005,157200,0.48,-0.003
0.49834,0.03834,0.0,157500,0.46,-0.008
0.48745,0.03745,0.035,157800,0.45,-0.06
0.49127,0.03627,0.02,158100,0.455,-0.004
0.53854,0.03854,0.025,158400,0.5,-0.003
0.53018,0.04018,0.015,158700,0.49,-0.016
0.48902,0.03902,0.0,159000,0.45,-0.002
0.50388,0.03888,0.02,159300,0.465,0.026
0.51456,0.03956,0.01,159600,0.475,-0.02
0.51527,0.04027,0.015,159900,0.475,-0.026
0.48942,0.03942,0.005,160200,0.45,-0.061
0.49893,0.03893,0.005,160500,0.46,-0.013
0.48994,0.03994,-0.01,160800,0.45,-0.056
0.49383,0.03883,0.005,161100,0.455,-0.007
0.48969,0.03969,0.01,161400,0.45,-0.009
0.4748,0.0398,0.0,161700,0.435,-0.017
0.46836,0.03836,0.005,162000,0.43,-0.015
0.47303,0.03803,0.01,162300,0.435,-0.022
0.47881,0.03881,0.015,162600,0.44,0.014
0.4758,0.0408,0.005,162900,0.435,-0.024
0.45918,0.03918,0.02,163200,0.42,-0.049
0.4639,0.0389,0.015,163500,0.425,-0.027
0.44888,0.03888,0.015,163800,0.41,-0.023
0.43855,0.03855,0.01,164100,0.4,0.021
0.47887,0.03887,0.015,164400,0.44,-0.007
0.44353,0.03853,-0.005,164700,0.405,0.006
0.43871,0.03871,0.025,165000,0.4,-0.019
0.47935,0.03935,0.0,165300,0.44,-0.0
0.45505,0.04005,0.005,165600,0.415,0.001
0.44355,0.03855,0.01,165900,0.405,-0.024
0.46038,0.04038,-0.005,166200,0.42,-0.027
0.44952,0.03952,0.005,166500,0.41,-0.058
0.44487,0.03987,0.005,166800,0.405,-0.007
0.44296,0.03796,0.02,167100,0.405,-0.044
0.44468,0.03968,0.04,167400,0.405,0.007
0.47721,0.03721,0.025,167700,0.44,-0.019
0.44296,0.03796,0.01,168000,0.405,0.02
0.46345,0.03845,0.01,168300,0.425,-0.033
0.4698,0.0398,0.015,168600,0.43,-0.042
0.46482,0.03982,0.005,168900,0.425,-0.018
0.43833,0.03833,-0.005,169200,0.4,-0.013
0.42393,0.03893,0.02,169500,0.385,-0.029
0.43377,0.03877,0.02,169800,0.395,-0.025
0.41835,0.03835,0.03,170100,0.38,-0.035
0.45687,0.03687,0.04,170400,0.42,-0.031
0.45699,0.03699,0.03,170700,0.42,-0.057
0.43005,0.03505,0.025,171000,0.395,0.017
0.43105,0.03605,0.015,171300,0.395,0.009
0.46127,0.03627,0.01,171600,0.425,-0.045
0.45682,0.03682,0.015,171900,0.42,-0.004
0.44893,0.03893,-0.005,172200,0.41,-0.036
0.42271,0.03771,0.005,172500,0.385,-0.067
0.43724,0.03724,0.03,172800,0.4,-0.024
0.49415,0.03915,0.025,173100,0.455,-0.035
0.46824,0.03824,0.02,173400,0.43,-0.082
0.45405,0.03905,0.0,173700,0.415,-0.022
0.44209,0.03709,0.025,174000,0.405,0.01
0.4531,0.0381,0.0,174300,0.415,-0.045
0.43288,0.03788,0.015,174600,0.395,-0.028
0.48767,0.03767,0.015,174900,0.45,-0.044
0.46668,0.03668,0.015,175200,0.43,-0.019
0.48789,0.03789,0.01,175500,0.45,-0.02
0.45322,0.03822,0.005,175800,0.415,-0.013
0.4516,0.0366,0.025,176100,0.415,-0.069
0.43881,0.03381,0.025,176400,0.405,-0.019
0.45972,0.03472,0.005,176700,0.425,-0.052
0.43327,0.03827,0.015,177000,0.395,0.016
0.45694,0.03694,0.02,177300,0.42,-0.043
0.47117,0.03617,-0.005,177600,0.435,-0.052
0.47059,0.03559,0.035,177900,0.435,-0.043
0.47761,0.03761,0.02,178200,0.44,-0.037
0.47156,0.03656,0.03,178500,0.435,-0.02
0.44795,0.03795,0.01,178800,0.41,-0.022
0.47153,0.03653,0.025,179100,0.435,-0.085
0.47747,0.03747,0.035,179400,0.44,-0.002
0.47767,0.03767,0.02,179700,0.44,-0.023
0.47624,0.03624,0.04,180000,0.44,0.042
0.45064,0.03564,0.02,180300,0.415,-0.036
0.48177,0.03677,0.035,180600,0.445,-0.046
0.50983,0.03483,0.03,180900,0.475,-0.053
0.50073,0.03573,0.03,181200,0.465,-0.041
0.48074,0.03574,0.03,181500,0.445,0.026
0.46981,0.03481,0.035,181800,0.435,-0.028
0.46984,0.03484,0.04,182100,0.435,-0.003
0.47987,0.03487,0.045,182400,0.445,-0.054
0.49878,0.03378,0.03,182700,0.465,-0.067
0.46805,0.03305,0.04,183000,0.435,-0.018
0.48958,0.03458,0.01,183300,0.455,-0.045
0.4907,0.0357,0.005,183600,0.455,-0.039
0.46363,0.03363,0.025,183900,0.43,-0.013
0.50481,0.03481,0.02,184200,0.47,0.003
0.52632,0.03632,0.015,184500,0.49,0.025
0.49564,0.03564,0.025,184800,0.46,-0.009
0.47992,0.03492,0.005,185100,0.445,-0.023
0.48514,0.03514,0.01,185400,0.45,-0.046
0.49093,0.03593,0.02,185700,0.455,0.013
0.47473,0.03473,0.025,186000,0.44,-0.006
0.4966,0.0366,0.02,186300,0.46,-0.028
0.45095,0.03595,0.02,186600,0.415,-0.027
0.49696,0.03696,0.02,186900,0.46,-0.003
0.49051,0.03551,0.01,187200,0.455,-0.048
0.49131,0.03631,0.005,187500,0.455,0.003
0.49715,0.03715,0.01,187800,0.46,-0.009
0.49201,0.03701,0.025,188100,0.455,-0.007
0.52276,0.03776,0.015,188400,0.485,0.005
0.49838,0.03838,0.025,188700,0.46,-0.001
0.50651,0.03651,0.005,189000,0.47,-0.03
0.52258,0.03758,0.01,189300,0.485,0.043
0.52319,0.03819,0.01,189600,0.485,0.006
0.49982,0.03982,0.015,189900,0.46,-0.053
0.50005,0.04005,-0.005,190200,0.46,-0.012
0.50537,0.04037,0.01,190500,0.465,-0.024
0.53023,0.04023,0.015,190800,0.49,-0.028
0.48738,0.03738,0.005,191100,0.45,-0.071
0.49215,0.03715,0.005,191400,0.455,-0.091
0.51615,0.03615,0.02,191700,0.48,-0.038
0.52494,0.03494,0.0,192000,0.49,0.013
0.49499,0.03499,0.02,192300,0.46,-0.02
0.50585,0.03585,0.015,192600,0.47,0.021
0.48596,0.03596,0.005,192900,0.45,-0.078
0.45166,0.03666,0.01,193200,0.415,0.012
0.51282,0.03782,0.005,193500,0.475,-0.022
0.50336,0.03836,0.015,193800,0.465,-0.032
0.49395,0.03895,0.0,194100,0.455,-0.03
0.45905,0.03905,0.03,194400,0.42,-0.055
0.45861,0.03861,0.005,194700,0.42,-0.008
0.4889,0.0389,0.01,195000,0.45,-0.017
0.47618,0.03618,0.01,195300,0.44,-0.055
0.46595,0.03595,0.005,195600,0.43,0.02
0.46623,0.03623,0.01,195900,0.43,-0.038
0.46116,0.03616,0.005,196200,0.425,-0.029
0.50202,0.03702,0.005,196500,0.465,-0.006
0.49684,0.03684,0.005,196800,0.46,-0.029
0.47635,0.03635,0.02,197100,0.44,0.005
0.46868,0.03868,0.01,197400,0.43,0.01
0.46881,0.03881,0.005,197700,0.43,0.016
0.4615,0.0365,0.025,198000,0.425,-0.029
0.49586,0.03586,0.005,198300,0.46,-0.036
0.50089,0.03589,0.01,198600,0.465,-0.021
0.51391,0.03391,0.005,198900,0.48,-0.031
0.49454,0.03454,0.01,199200,0.46,-0.031
0.4544,0.0344,0.015,199500,0.42,-0.009
0.49866,0.03866,0.0,199800,0.46,-0.023
0.47659,0.03659,0.01,200100,0.44,-0.03
0.45987,0.03487,0.02,200400,0.425,-0.048
0.47361,0.03361,0.015,200700,0.44,-0.11
0.484,0.034,0.01,201000,0.45,-0.054
0.49385,0.03385,0.02,201300,0.46,-0.057
0.49411,0.03411,0.02,201600,0.46,-0.063
0.48439,0.03439,0.015,201900,0.45,0.023
0.47416,0.03416,0.01,202200,0.44,-0.049
0.50174,0.03174,0.01,202500,0.47,-0.03
0.46265,0.03265,0.01,202800,0.43,-0.014
0.48789,0.03289,0.01,203100,0.455,-0.011
0.51255,0.03255,0.02,203400,0.48,-0.013
0.50815,0.03315,0.015,203700,0.475,-0.058
0.48141,0.03141,-0.005,204000,0.45,-0.015
0.5061,0.0311,0.02,204300,0.475,-0.04
0.46766,0.03266,0.005,204600,0.435,0.017
0.47397,0.03397,0.015,204900,0.44,-0.033
0.48366,0.03366,0.01,205200,0.45,-0.031
0.47798,0.03298,-0.005,205500,0.445,-0.004
0.48438,0.03438,0.01,205800,0.45,0.002
0.45911,0.03411,0.005,206100,0.425,-0.021
0.48988,0.03488,0.01,206400,0.455,-0.031
0.45958,0.03458,0.005,206700,0.425,0.027
0.50081,0.03581,0.015,207000,0.465,-0.003
0.49536,0.03536,0.02,207300,0.46,-0.043
0.45534,0.03534,0.025,207600,0.42,0.001
0.46533,0.03533,0.01,207900,0.43,-0.031
0.49283,0.03283,0.015,208200,0.46,-0.0
0.51563,0.03563,0.005,208500,0.48,-0.047
0.48753,0.03253,0.015,208800,0.455,-0.035
0.48357,0.03357,0.025,209100,0.45,-0.052
0.44342,0.03342,0.01,209400,0.41,0.001
0.48003,0.03503,0.005,209700,0.445,0.013
0.45559,0.03559,0.0,210000,0.42,-0.04
0.44929,0.03429,-0.01,210300,0.415,-0.045
0.48085,0.03585,-0.02,210600,0.445,-0.017
0.47475,0.03475,0.01,210900,0.44,-0.098
0.46805,0.03305,0.0,211200,0.435,0.014
0.47847,0.03347,0.005,211500,0.445,-0.034
0.49368,0.03368,-0.015,211800,0.46,-0.001
0.47266,0.03266,0.005,212100,0.44,-0.034
0.50548,0.03548,0.0,212400,0.47,-0.013
0.4807,0.0357,-0.01,212700,0.445,-0.039
0.44935,0.03435,0.01,213000,0.415,-0.01
0.49,0.035,0.01,213300,0.455,0.001
0.44826,0.03326,0.005,213600,0.415,-0.05
0.48523,0.03523,0.005,213900,0.45,-0.023
0.52263,0.03763,0.01,214200,0.485,0.054
0.49699,0.03699,0.01,214500,0.46,0.051
0.50103,0.03603,0.02,214800,0.465,-0.063
0.51645,0.03645,-0.005,215100,0.48,0.04
0.53155,0.03655,0.005,215400,0.495,-0.032
0.50669,0.03669,0.0,215700,0.47,0.007
0.50787,0.03787,0.0,216000,0.47,-0.036
0.49081,0.03581,0.01,216300,0.455,-0.006
0.50253,0.03753,0.01,216600,0.465,-0.021
0.48898,0.03898,0.005,216900,0.45,-0.017
0.48974,0.03974,0.01,217200,0.45,-0.023
0.50016,0.04016,0.01,217500,0.46,-0.044
0.51124,0.04124,0.02,217800,0.47,0.033
0.46418,0.03918,0.015,218100,0.425,-0.02
0.46872,0.03872,0.025,218400,0.43,-0.066
0.45853,0.03853,0.025,218700,0.42,-0.046
0.46294,0.03794,0.02,219000,0.425,0.007
0.44156,0.03656,0.035,219300,0.405,-0.048
0.45194,0.03694,0.035,219600,0.415,-0.031
0.47379,0.03379,0.03,219900,0.44,-0.039
0.48434,0.03934,0.025,220200,0.445,-0.038
0.46253,0.03753,0.02,220500,0.425,-0.048
0.47282,0.03782,0.015,220800,0.435,-0.008
0.45983,0.03483,0.025,221100,0.425,0.008
0.48231,0.03731,0.015,221400,0.445,0.005
0.44941,0.03941,0.01,221700,0.41,0.032
0.46445,0.03945,0.0,222000,0.425,-0.055
0.4758,0.0408,0.015,222300,0.435,-0.029
0.45978,0.03978,0.02,222600,0.42,0.008
0.44471,0.03971,0.01,222900,0.405,0.024
0.466,0.041,0.015,223200,0.425,0.0
0.51183,0.04183,0.01,223500,0.47,-0.061
0.46886,0.03886,0.005,223800,0.43,-0.044
0.47021,0.04021,0.01,224100,0.43,-0.026
0.46829,0.03829,0.01,224400,0.43,-0.016
0.49073,0.04073,0.02,224700,0.45,-0.005
0.49467,0.03967,-0.005,225000,0.455,-0.07
0.47418,0.03918,0.01,225300,0.435,-0.068
0.44306,0.03806,0.03,225600,0.405,-0.064
0.4323,0.0373,0.02,225900,0.395,-0.043
0.45638,0.03638,0.025,226200,0.42,-0.038
0.4799,0.0399,0.025,226500,0.44,-0.027
0.4825,0.0375,0.005,226800,0.445,-0.042
0.45341,0.03841,0.02,227100,0.415,0.032
0.49006,0.04006,0.025,227400,0.45,0.013
0.50946,0.03946,0.01,227700,0.47,-0.021
0.48553,0.04053,0.005,228000,0.445,0.004
0.47891,0.03891,0.0,228300,0.44,-0.026
0.48507,0.04007,0.015,228600,0.445,-0.017
0.47946,0.03946,0.025,228900,0.44,-0.013
0.5004,0.0404,0.015,229200,0.46,0.013
0.46427,0.03927,0.015,229500,0.425,-0.043
0.46462,0.03962,0.01,229800,0.425,-0.049
0.4788,0.0388,0.02,230100,0.44,-0.015
0.47626,0.03626,0.015,230400,0.44,-0.005
0.42929,0.03429,0.02,230700,0.395,-0.035
0.47083,0.03583,0.015,231000,0.435,-0.048
0.47141,0.03641,0.01,231300,0.435,-0.067
0.4458,0.0358,0.015,231600,0.41,0.013
0.46004,0.03504,0.02,231900,0.425,-0.051
0.45988,0.03488,0.02,232200,0.425,-0.004
0.49166,0.03666,0.025,232500,0.455,-0.02
0.46632,0.03632,0.025,232800,0.43,-0.023
0.4931,0.0381,0.015,233100,0.455,-0.005
0.48576,0.04076,0.02,233400,0.445,-0.062
0.50023,0.04023,0.01,233700,0.46,-0.015
0.52004,0.04004,0.005,234000,0.48,-0.034
0.47407,0.03907,0.005,234300,0.435,-0.022
0.50042,0.04042,0.015,234600,0.46,-0.038
0.52541,0.04041,0.01,234900,0.485,0.001
0.48752,0.03752,0.005,235200,0.45,-0.06
0.48904,0.03904,0.025,235500,0.45,-0.053
0.50316,0.03816,0.005,235800,0.465,-0.057
0.49919,0.03919,-0.005,236100,0.46,-0.005
0.52962,0.03962,0.005,236400,0.49,-0.031
0.50254,0.03754,-0.005,236700,0.465,-0.04
0.50787,0.03787,-0.005,237000,0.47,-0.053
0.47261,0.03761,0.015,237300,0.435,-0.012
0.49923,0.03923,0.015,237600,0.46,-0.039
0.47918,0.03918,0.03,237900,0.44,-0.025
0.50688,0.03688,0.005,238200,0.47,-0.058
0.5179,0.0379,0.01,238500,0.48,-0.007
0.49969,0.03969,0.0,238800,0.46,-0.035
0.49982,0.03982,0.005,239100,0.46,-0.024
0.50184,0.03684,0.005,239400,0.465,-0.052
0.51672,0.03672,0.005,239700,0.48,-0.057
0.51193,0.03693,0.01,240000,0.475,-0.046
0.49479,0.03479,0.025,240300,0.46,-0.064
0.51225,0.03725,-0.005,240600,0.475,-0.037
0.50728,0.03728,0.005,240900,0.47,-0.012
0.50273,0.03773,0.01,241200,0.465,-0.01
0.53098,0.03598,0.0,241500,0.495,-0.048
0.47906,0.03406,0.005,241800,0.445,-0.028
0.48645,0.03645,0.0,242100,0.45,-0.053
0.51593,0.03593,0.01,242400,0.48,-0.014
0.48113,0.03613,0.02,242700,0.445,0.01
0.49039,0.03539,0.015,243000,0.455,-0.071
0.4981,0.0381,0.02,243300,0.46,-0.032
0.52258,0.03758,0.01,243600,0.485,-0.011
0.50609,0.03609,0.01,243900,0.47,-0.029
0.47017,0.03517,0.03,244200,0.435,-0.038
0.47758,0.03258,0.025,244500,0.445,-0.057
0.4654,0.0354,0.01,244800,0.43,-0.035
0.46873,0.03373,0.025,245100,0.435,-0.005
0.46965,0.03465,0.02,245400,0.435,-0.037
0.4498,0.0348,0.025,245700,0.415,-0.017
0.47001,0.03501,0.025,246000,0.435,-0.051
0.533,0.033,0.025,246300,0.5,0.003
0.54158,0.03158,0.02,246600,0.51,-0.039
0.49236,0.03236,0.025,246900,0.46,-0.031
0.54767,0.03267,0.025,247200,0.515,-0.017
0.52871,0.03371,0.025,247500,0.495,-0.004
0.52738,0.03238,0.015,247800,0.495,-0.037
0.50006,0.03506,0.015,248100,0.465,0.007
0.49632,0.03632,0.02,248400,0.46,-0.042
0.52666,0.03666,0.025,248700,0.49,-0.047
0.4946,0.0346,0.015,249000,0.46,0.018
0.51004,0.03504,0.01,249300,0.475,-0.088
0.48627,0.03627,0.0,249600,0.45,-0.039
0.46704,0.03704,0.03,249900,0.43,-0.058
0.4502,0.0352,0.02,250200,0.415,-0.051
0.46984,0.03484,0.015,250500,0.435,-0.018
0.51467,0.03467,0.005,250800,0.48,-0.048
0.47645,0.03645,0.02,251100,0.44,-0.0
0.46629,0.03629,-0.005,251400,0.43,-0.04
0.49613,0.03613,0.02,251700,0.46,-0.092
0.45691,0.03691,0.03,252000,0.42,0.019
0.50552,0.03552,0.015,252300,0.47,-0.023
0.48953,0.03453,0.015,252600,0.455,-0.008
0.4857,0.0357,0.005,252900,0.45,-0.032
0.54896,0.03396,0.005,253200,0.515,-0.08
0.52468,0.03468,0.01,253500,0.49,-0.036
0.50836,0.03336,0.02,253800,0.475,-0.128
0.54286,0.03286,0.02,254100,0.51,-0.08
0.54503,0.03503,0.01,254400,0.51,0.003
0.52694,0.03694,0.015,254700,0.49,-0.054
0.52158,0.03658,0.02,255000,0.485,-0.002
0.51331,0.03831,0.01,255300,0.475,-0.01
0.49835,0.03835,0.02,255600,0.46,-0.029
0.52829,0.03829,0.025,255900,0.49,0.004
0.5134,0.0384,0.015,256200,0.475,-0.024
0.50482,0.03982,0.015,256500,0.465,-0.025
0.51926,0.03926,0.01,256800,0.48,-0.048
0.54056,0.04056,0.025,257100,0.5,0.006
0.54143,0.04143,0.02,257400,0.5,-0.032
0.53545,0.04045,0.02,257700,0.495,-0.008
0.53949,0.03949,0.04,258000,0.5,-0.073
0.51418,0.03918,0.04,258300,0.475,-0.064
0.49361,0.03861,0.04,258600,0.455,-0.005
0.47043,0.04043,0.015,258900,0.43,0.008
0.50042,0.04042,0.04,259200,0.46,0.016
0.51623,0.04123,0.02,259500,0.475,-0.018
0.49578,0.04078,0.04,259800,0.455,-0.026
0.4915,0.0415,0.03,260100,0.45,-0.028
0.4801,0.0401,0.04,260400,0.44,-0.095
0.50606,0.04106,0.035,260700,0.465,-0.031
0.49288,0.04288,0.035,261000,0.45,-0.019
0.47063,0.04063,0.025,261300,0.43,-0.079
0.5055,0.0405,0.01,261600,0.465,-0.053
0.48306,0.03806,0.04,261900,0.445,-0.025
0.46966,0.03966,0.025,262200,0.43,-0.015
0.48583,0.04083,0.03,262500,0.445,-0.022
0.52411,0.03911,0.025,262800,0.485,-0.067
0.47279,0.03779,0.015,263100,0.435,-0.053
0.50491,0.03991,0.035,263400,0.465,0.017
0.50881,0.03881,0.025,263700,0.47,-0.037
0.47478,0.03978,0.01,264000,0.435,-0.002
0.51005,0.04005,0.03,264300,0.47,-0.015
0.48393,0.03893,0.025,264600,0.445,-0.035
0.49893,0.03893,0.035,264900,0.46,-0.018
0.47975,0.03975,0.03,265200,0.44,-0.066
0.48308,0.03808,0.035,265500,0.445,-0.017
0.52439,0.03939,0.03,265800,0.485,-0.028
0.50886,0.03886,0.025,266100,0.47,-0.059
0.45256,0.03256,0.035,266400,0.42,-0.055
0.48224,0.03224,0.015,266700,0.45,-0.002
0.47921,0.03421,0.015,267000,0.445,-0.024
0.46038,0.03038,0.0,267300,0.43,-0.025
0.51231,0.03231,0.03,267600,0.48,-0.024
0.49092,0.03092,0.02,267900,0.46,-0.004
0.50942,0.03442,0.04,268200,0.475,-0.08
0.48237,0.03237,0.03,268500,0.45,-0.026
0.46677,0.03177,0.02,268800,0.435,-0.005
0.50513,0.03513,0.015,269100,0.47,-0.031
0.45271,0.03271,0.04,269400,0.42,-0.043
0.46614,0.03114,0.02,269700,0.435,-0.08
0.47144,0.03144,0.02,270000,0.44,0.008
0.47431,0.02931,0.015,270300,0.445,-0.053
0.4561,0.0311,0.025,270600,0.425,-0.026
0.45592,0.03092,0.02,270900,0.425,0.003
0.45562,0.03062,0.025,271200,0.425,-0.031
0.46157,0.03157,0.025,271500,0.43,-0.037
0.51921,0.03421,0.025,271800,0.485,0.018
0.51088,0.03588,0.035,272100,0.475,0.025
0.4712,0.0362,0.03,272400,0.435,0.006
0.47703,0.03203,0.03,272700,0.445,-0.06
0.4796,0.0346,0.025,273000,0.445,-0.033
0.46661,0.03161,0.025,273300,0.435,-0.013
0.4752,0.0352,0.03,273600,0.44,-0.023
0.46129,0.03629,0.025,273900,0.425,-0.042
0.47568,0.03568,0.025,274200,0.44,-0.046
0.44901,0.03401,0.04,274500,0.415,0.03
0.485,0.035,0.025,274800,0.45,-0.041
0.45435,0.03435,0.025,275100,0.42,-0.012
0.4607,0.0357,0.02,275400,0.425,0.009
0.45295,0.03295,0.03,275700,0.42,0.01
0.453,0.033,0.03,276000,0.42,0.042
0.43536,0.03536,0.03,276300,0.4,0.012
0.46002,0.03502,0.02,276600,0.425,-0.082
0.46,0.035,0.02,276900,0.425,-0.015
0.42905,0.03405,0.03,277200,0.395,-0.031
0.44054,0.03554,0.03,277500,0.405,-0.058
0.45317,0.03317,0.025,277800,0.42,-0.079
0.42432,0.03432,0.015,278100,0.39,-0.022
0.45001,0.03501,0.015,278400,0.415,-0.036
0.43862,0.03362,0.02,278700,0.405,-0.01
0.44959,0.03459,0.04,279000,0.415,-0.039
0.47386,0.03386,0.025,279300,0.44,-0.029
0.45853,0.03353,0.02,279600,0.425,-0.012
0.49589,0.03589,0.015,279900,0.46,-0.028
0.47071,0.03571,0.015,280200,0.435,-0.039
0.50229,0.03729,0.005,280500,0.465,-0.016
0.51612,0.03612,0.02,280800,0.48,-0.055
0.47152,0.03652,0.015,281100,0.435,-0.013
0.45493,0.03493,0.02,281400,0.42,-0.046
0.5004,0.0354,0.005,281700,0.465,-0.049
0.48897,0.03397,0.005,282000,0.455,-0.047
0.43922,0.03422,0.025,282300,0.405,0.01
0.45583,0.03583,0.01,282600,0.42,-0.008
0.4761,0.0361,0.005,282900,0.44,0.025
0.51007,0.03507,0.015,283200,0.475,-0.049
0.4469,0.0369,0.005,283500,0.41,-0.02
0.5223,0.0373,0.015,283800,0.485,-0.042
0.5212,0.0362,0.015,284100,0.485,-0.077
0.49088,0.03588,0.03,284400,0.455,-0.015
0.50639,0.03639,0.01,284700,0.47,0.006
0.50158,0.03658,0.025,285000,0.465,0.036
0.48072,0.03572,0.015,285300,0.445,-0.05
0.51642,0.03642,0.025,285600,0.48,-0.038
0.48745,0.03245,0.02,285900,0.455,-0.011
0.49963,0.03463,0.035,286200,0.465,0.005
0.47033,0.03533,0.025,286500,0.435,-0.004
0.506,0.036,0.015,286800,0.47,-0.051
0.51153,0.03653,0.025,287100,0.475,-0.013
0.50145,0.03645,0.01,287400,0.465,-0.053
0.54962,0.03462,0.02,287700,0.515,-0.037
0.54161,0.03661,0.01,288000,0.505,0.046
0.51642,0.03642,0.01,288300,0.48,-0.099
0.49838,0.03338,0.01,288600,0.465,-0.021
0.49527,0.03527,0.01,288900,0.46,-0.04
0.54335,0.03335,0.005,289200,0.51,-0.036
0.54254,0.03254,0.015,289500,0.51,-0.031
0.51168,0.03168,0.015,289800,0.48,-0.021
0.50705,0.03205,0.005,290100,0.475,-0.072
0.50279,0.03279,-0.005,290400,0.47,0.031
0.50312,0.03312,0.005,290700,0.47,-0.029
0.47405,0.03405,0.0,291000,0.44,-0.044
0.48276,0.03276,0.0,291300,0.45,-0.024
0.53299,0.03299,0.025,291600,0.5,-0.031
0.53032,0.03532,0.015,291900,0.495,-0.01
0.5413,0.0363,0.02,292200,0.505,-0.03
0.54097,0.03597,0.02,292500,0.505,0.0
0.53987,0.03487,0.015,292800,0.505,-0.038
0.56611,0.03611,0.015,293100,0.53,-0.021
0.54581,0.03581,0.025,293400,0.51,-0.074
0.56151,0.03651,0.02,293700,0.525,-0.005
0.55668,0.03668,0.01,294000,0.52,0.004
0.55411,0.03411,0.03,294300,0.52,-0.013
0.56046,0.03546,0.01,294600,0.525,0.012
0.56,0.035,0.0,294900,0.525,-0.062
0.55513,0.03513,0.005,295200,0.52,0.004
0.57489,0.03489,0.015,295500,0.54,-0.046
0.56073,0.03573,0.015,295800,0.525,-0.078
0.55677,0.03677,-0.01,296100,0.52,-0.08
0.54104,0.03604,0.01,296400,0.505,-0.025
0.56837,0.03837,0.01,296700,0.53,-0.071
0.5167,0.0367,0.0,297000,0.48,0.034
0.50471,0.03471,0.01,297300,0.47,-0.054
0.5257,0.0357,0.0,297600,0.49,-0.038
0.51085,0.03585,0.0,297900,0.475,0.001
0.51755,0.03755,0.005,298200,0.48,-0.027
0.51229,0.03729,0.02,298500,0.475,-0.012
0.50424,0.03924,0.04,298800,0.465,0.017
0.52117,0.03617,0.015,299100,0.485,-0.055
0.49567,0.03567,0.02,299400,0.46,-0.03
0.51297,0.03797,0.01,299700,0.475,-0.06
0.51084,0.03584,0.005,300000,0.475,-0.013
0.50125,0.03625,0.015,300300,0.465,-0.078
0.47749,0.03749,0.025,300600,0.44,0.005
0.4752,0.0352,0.0,300900,0.44,-0.056
0.49049,0.03549,0.0,301200,0.455,-0.042
0.50787,0.03787,0.02,301500,0.47,-0.013
0.51161,0.03661,0.03,301800,0.475,-0.048
0.51067,0.03567,0.03,302100,0.475,-0.046
0.53616,0.03616,0.035,302400,0.5,-0.074
0.5319,0.0369,0.05,302700,0.495,-0.08
0.54145,0.03645,0.025,303000,0.505,-0.076
0.51698,0.03698,0.01,303300,0.48,-0.029
0.57772,0.03772,0.035,303600,0.54,-0.035
0.55659,0.03659,0.035,303900,0.52,-0.029
0.53241,0.03741,0.03,304200,0.495,0.016
0.52808,0.03808,0.04,304500,0.49,-0.082
0.52727,0.03727,0.025,304800,0.49,-0.033
0.51224,0.03724,0.015,305100,0.475,-0.056
0.52347,0.03847,0.02,305400,0.485,-0.013
0.51202,0.03702,0.025,305700,0.475,0.005
0.52709,0.03709,0.035,306000,0.49,-0.086
0.54134,0.03634,0.015,306300,0.505,-0.036
0.52203,0.03703,0.03,306600,0.485,-0.033
0.54227,0.03727,0.025,306900,0.505,-0.007
0.5365,0.0365,0.0,307200,0.5,-0.059
0.5264,0.0364,0.0,307500,0.49,-0.06
0.51684,0.03684,0.015,307800,0.48,-0.022
0.5071,0.0371,0.02,308100,0.47,-0.033
0.4921,0.0371,0.025,308400,0.455,-0.011
0.50719,0.03719,-0.005,308700,0.47,-0.014
0.48665,0.03665,-0.005,309000,0.45,-0.017
0.48232,0.03732,0.005,309300,0.445,-0.054
0.48801,0.03801,-0.005,309600,0.45,-0.019
0.50387,0.03887,-0.015,309900,0.465,-0.056
0.49413,0.03913,0.005,310200,0.455,-0.028
0.49334,0.03834,0.0,310500,0.455,-0.067
0.50382,0.03882,0.01,310800,0.465,0.007
0.48184,0.03684,0.015,311100,0.445,-0.016
0.50393,0.03893,0.005,311400,0.465,-0.019
0.45331,0.03331,0.01,311700,0.42,-0.081
0.4818,0.0368,0.025,312000,0.445,-0.043
0.49816,0.03816,0.005,312300,0.46,-0.071
0.48182,0.03682,0.02,312600,0.445,-0.026
0.50701,0.03701,0.04,312900,0.47,-0.021
0.49763,0.03763,0.02,313200,0.46,-0.074
0.50159,0.03659,0.005,313500,0.465,-0.042
0.54781,0.03781,0.025,313800,0.51,-0.036
0.53128,0.03628,0.02,314100,0.495,0.007
0.52477,0.03477,0.025,314400,0.49,-0.065
0.50388,0.03388,0.02,314700,0.47,-0.039
0.5244,0.0344,0.01,315000,0.49,-0.02
0.5052,0.0352,0.015,315300,0.47,-0.003
0.52609,0.03609,0.02,315600,0.49,-0.076
0.50779,0.03779,0.015,315900,0.47,-0.009
0.47707,0.03707,0.0,316200,0.44,-0.02
0.5216,0.0366,0.005,316500,0.485,-0.084
0.5223,0.0373,-0.01,316800,0.485,-0.028
0.51761,0.03761,0.02,317100,0.48,-0.08
0.51238,0.03738,0.025,317400,0.475,-0.053
0.52837,0.03837,0.03,317700,0.49,-0.015
0.55325,0.03825,0.005,318000,0.515,-0.022
0.54369,0.03869,0.02,318300,0.505,-0.078
0.55856,0.03856,0.005,318600,0.52,-0.011
0.5071,0.0371,0.02,318900,0.47,-0.012
0.55309,0.03809,0.015,319200,0.515,-0.083
0.54268,0.03768,0.015,319500,0.505,-0.044
0.52221,0.03721,0.005,319800,0.485,-0.073
0.50111,0.03611,0.02,320100,0.465,-0.059
0.48051,0.03551,-0.005,320400,0.445,-0.002
0.49653,0.03653,-0.005,320700,0.46,0.018
0.50953,0.03453,0.01,321000,0.475,-0.01
0.54066,0.03566,0.02,321300,0.505,0.019
0.50636,0.03636,0.01,321600,0.47,-0.057
0.51049,0.03549,0.02,321900,0.475,-0.036
0.49715,0.03715,0.035,322200,0.46,0.007
0.49764,0.03764,0.005,322500,0.46,-0.012
0.46724,0.03724,0.02,322800,0.43,-0.04
0.53216,0.03716,0.0,323100,0.495,-0.041
0.49827,0.03827,0.03,323400,0.46,0.03
0.4815,0.0365,0.01,323700,0.445,-0.068
0.52151,0.03651,0.03,324000,0.485,-0.073
0.47131,0.03631,0.0,324300,0.435,0.016
0.5132,0.0382,0.005,324600,0.475,-0.022
0.50374,0.03874,0.015,324900,0.465,-0.04
0.47072,0.03572,0.01,325200,0.435,-0.06
0.41145,0.03645,0.015,325500,0.375,-0.025
0.41567,0.03567,0.01,325800,0.38,-0.047
0.42207,0.03707,0.01,326100,0.385,-0.031
0.42218,0.03718,0.01,326400,0.385,-0.081
0.45037,0.03537,0.015,326700,0.415,-0.057
0.47936,0.03436,0.015,327000,0.445,-0.063
0.50454,0.03454,0.01,327300,0.47,0.01
0.47024,0.03524,0.0,327600,0.435,-0.077
0.49418,0.03418,0.01,327900,0.46,-0.007
0.47641,0.03641,0.02,328200,0.44,-0.026
0.48142,0.03642,0.0,328500,0.445,0.028
0.48523,0.03523,0.015,328800,0.45,-0.011
0.47557,0.03557,-0.005,329100,0.44,-0.075
0.47647,0.03647,0.0,329400,0.44,-0.031
0.47593,0.03593,0.0,329700,0.44,-0.032
0.44064,0.03564,-0.005,330000,0.405,-0.029
0.45186,0.03686,0.01,330300,0.415,-0.058
0.44656,0.03656,0.01,330600,0.41,-0.043
0.43953,0.03453,0.015,330900,0.405,-0.051
0.46469,0.03469,0.0,331200,0.43,-0.041
0.48032,0.03532,0.0,331500,0.445,-0.035
0.50543,0.03543,0.01,331800,0.47,-0.035
0.46087,0.03587,0.02,332100,0.425,-0.008
0.46975,0.03475,0.02,332400,0.435,-0.037
0.49895,0.03395,0.02,332700,0.465,-0.024
0.47887,0.03387,0.015,333000,0.445,0.026
0.49984,0.03484,0.015,333300,0.465,-0.049
0.46675,0.03675,0.025,333600,0.43,-0.042
0.49226,0.03726,0.02,333900,0.455,-0.038
0.46114,0.03614,0.01,334200,0.425,0.046
0.47689,0.03689,0.015,334500,0.44,-0.052
0.45131,0.03631,0.015,334800,0.415,-0.027
0.46649,0.03649,0.01,335100,0.43,-0.046
0.45774,0.03774,0.02,335400,0.42,-0.047
0.43668,0.03668,0.025,335700,0.4,-0.011
0.45146,0.03646,0.025,336000,0.415,-0.022
0.45226,0.03726,0.015,336300,0.415,-0.029
0.43741,0.03741,0.02,336600,0.4,-0.069
0.40289,0.03789,0.01,336900,0.365,-0.027
0.39095,0.03595,0.0,337200,0.355,-0.015
0.3811,0.0361,0.0,337500,0.345,0.004
0.39352,0.03852,0.005,337800,0.355,-0.014
0.39295,0.03795,0.01,338100,0.355,-0.049
0.40882,0.03882,0.02,338400,0.37,-0.036
0.46165,0.03665,0.015,338700,0.425,-0.037
0.4465,0.0365,0.015,339000,0.41,-0.025
0.44626,0.03626,0.005,339300,0.41,-0.048
0.44318,0.03818,0.01,339600,0.405,-0.06
0.44221,0.03721,-0.005,339900,0.405,-0.012
0.42257,0.03757,0.005,340200,0.385,-0.019
0.40814,0.03814,0.0,340500,0.37,-0.015
0.3992,0.0392,0.005,340800,0.36,-0.046
0.38816,0.03816,-0.015,341100,0.35,-0.02
0.40139,0.03639,-0.01,341400,0.365,-0.06
0.43304,0.03804,-0.01,341700,0.395,-0.028
0.40796,0.03796,0.01,342000,0.37,-0.029
0.46858,0.03858,-0.015,342300,0.43,-0.024
0.49667,0.03667,0.0,342600,0.46,-0.07
0.45363,0.03863,0.005,342900,0.415,-0.029
0.4611,0.0361,0.005,343200,0.425,-0.029
0.43015,0.03515,-0.005,343500,0.395,0.009
0.43941,0.03441,0.02,343800,0.405,-0.033
0.40396,0.03396,0.0,344100,0.37,-0.012
0.4696,0.0346,0.01,344400,0.435,-0.01
0.47885,0.03385,0.015,344700,0.445,-0.037
0.4889,0.0339,0.015,345000,0.455,0.044
0.45378,0.03378,0.005,345300,0.42,-0.009
0.41422,0.03422,0.005,345600,0.38,-0.003
0.41658,0.03658,0.02,345900,0.38,-0.025
0.3906,0.0356,0.01,346200,0.355,-0.02
0.41247,0.03747,0.01,346500,0.375,-0.011
0.3922,0.0372,0.01,346800,0.355,-0.042
0.37646,0.03646,0.03,347100,0.34,-0.037
0.37055,0.03555,0.015,347400,0.335,-0.061
0.39385,0.03385,0.005,347700,0.36,-0.092
0.40736,0.03236,0.015,348000,0.375,-0.093
0.41073,0.03073,0.02,348300,0.38,-0.047
0.44816,0.03316,0.01,348600,0.415,-0.007
0.4315,0.0315,0.025,348900,0.4,-0.025
0.41822,0.03322,0.025,349200,0.385,-0.058
0.43473,0.03473,0.01,349500,0.4,-0.021
0.43718,0.03718,0.025,349800,0.4,-0.059
0.43763,0.03763,0.015,350100,0.4,0.01
0.42838,0.03838,0.02,350400,0.39,-0.046
0.47377,0.03877,0.015,350700,0.435,0.023
0.44757,0.03757,0.01,351000,0.41,-0.059
0.46829,0.03829,0.015,351300,0.43,-0.006
0.46257,0.03757,0.01,351600,0.425,-0.003
0.46479,0.03979,0.015,351900,0.425,-0.032
0.45833,0.03833,0.02,352200,0.42,-0.038
0.44731,0.03731,0.015,352500,0.41,-0.048
0.44826,0.03826,0.015,352800,0.41,-0.018
0.47268,0.03768,0.02,353100,0.435,-0.048
0.48268,0.03768,0.015,353400,0.445,-0.01
0.47275,0.03775,0.015,353700,0.435,-0.007
0.43631,0.03631,0.01,354000,0.4,-0.042
0.43684,0.03684,0.015,354300,0.4,0.01
0.43145,0.03645,0.01,354600,0.395,-0.073
0.43707,0.03707,0.01,354900,0.4,-0.053
0.43271,0.03771,0.01,355200,0.395,-0.035
0.45295,0.03795,0.01,355500,0.415,-0.032
0.46221,0.03721,0.025,355800,0.425,-0.05
0.4411,0.0361,0.03,356100,0.405,-0.017
0.48585,0.03585,0.025,356400,0.45,-0.03
0.51126,0.03626,0.025,356700,0.475,-0.006
0.50289,0.03789,0.015,357000,0.465,-0.004
0.48793,0.03793,0.025,357300,0.45,-0.046
0.467,0.037,0.015,357600,0.43,0.004
0.49153,0.03653,0.005,357900,0.455,-0.009
0.47552,0.03552,0.01,358200,0.44,-0.028
0.49527,0.03527,0.02,358500,0.46,-0.016
0.49559,0.03559,0.03,358800,0.46,0.008
0.48611,0.03611,0.015,359100,0.45,-0.007
0.48205,0.03705,0.025,359400,0.445,0.004
0.51558,0.03558,0.025,359700,0.48,-0.017
0.476,0.036,0.025,360000,0.44,-0.009
0.4708,0.0358,0.02,360300,0.435,-0.021
0.47613,0.03613,0.015,360600,0.44,-0.043
0.50544,0.03544,0.025,360900,0.47,-0.046
0.48337,0.03837,0.01,361200,0.445,-0.016
0.46821,0.03821,0.015,361500,0.43,-0.03
0.50847,0.03847,-0.005,361800,0.47,-0.093
0.51749,0.03749,0.015,362100,0.48,-0.047
0.46704,0.03704,0.01,362400,0.43,-0.022
0.46703,0.03703,0.015,362700,0.43,-0.032
0.42136,0.03636,-0.005,363000,0.385,-0.02
0.45173,0.03673,-0.005,363300,0.415,-0.024
0.403,0.038,0.0,363600,0.365,-0.007
0.42272,0.03772,0.0,363900,0.385,-0.045
0.44723,0.03723,-0.005,364200,0.41,-0.062
0.42636,0.03636,-0.015,364500,0.39,-0.078
0.43322,0.03822,-0.005,364800,0.395,-0.037
0.37854,0.03854,0.015,365100,0.34,0.05
0.42324,0.03824,-0.005,365400,0.385,-0.004
0.41786,0.03786,-0.005,365700,0.38,0.007
0.40358,0.03858,-0.005,366000,0.365,-0.043
0.43879,0.03879,-0.01,366300,0.4,-0.068
0.47886,0.03886,0.0,366600,0.44,-0.012
0.49794,0.03794,0.015,366900,0.46,-0.06
0.43299,0.03799,-0.01,367200,0.395,0.019
0.46348,0.03848,-0.005,367500,0.425,-0.025
0.45713,0.03713,0.025,367800,0.42,-0.063
0.45332,0.03832,0.01,368100,0.415,-0.035
0.49172,0.03672,0.03,368400,0.455,-0.094
0.48258,0.03758,0.025,368700,0.445,-0.023
0.49367,0.03867,0.02,369000,0.455,-0.014
0.46797,0.03797,0.005,369300,0.43,-0.035
0.45332,0.03832,0.0,369600,0.415,-0.024
0.48395,0.03895,0.025,369900,0.445,-0.08
0.50333,0.03833,0.02,370200,0.465,-0.046
0.48323,0.03823,0.005,370500,0.445,-0.053
0.48643,0.03643,-0.005,370800,0.45,-0.055
0.47227,0.03727,0.01,371100,0.435,-0.041
0.45193,0.03693,0.02,371400,0.415,-0.03
0.49742,0.03742,0.0,371700,0.46,-0.103
0.50134,0.03634,0.015,372000,0.465,-0.049
0.50319,0.03319,0.01,372300,0.47,-0.045
0.48351,0.03351,0.01,372600,0.45,-0.024
0.47693,0.03193,0.02,372900,0.445,-0.043
0.54419,0.03419,0.02,373200,0.51,-0.034
0.48486,0.03486,0.025,373500,0.45,-0.044
0.50179,0.03679,0.015,373800,0.465,-0.07
0.48596,0.03596,0.0,374100,0.45,0.015
0.48128,0.03628,-0.005,374400,0.445,-0.019
0.53235,0.03735,0.015,374700,0.495,-0.033
0.48269,0.03769,0.015,375000,0.445,-0.014
0.52185,0.03685,0.01,375300,0.485,-0.059
0.5426,0.0376,0.005,375600,0.505,-0.054
0.52284,0.03784,0.015,375900,0.485,-0.057
0.51135,0.03635,0.0,376200,0.475,-0.026
0.48757,0.03757,0.02,376500,0.45,-0.065
0.47738,0.03738,0.02,376800,0.44,-0.019
0.45751,0.03751,0.025,377100,0.42,0.023
0.47236,0.03736,0.025,377400,0.435,-0.055
0.48675,0.03675,0.025,377700,0.45,-0.051
0.51049,0.03549,0.02,378000,0.475,-0.051
0.53601,0.03601,0.01,378300,0.5,-0.042
0.4856,0.0356,0.015,378600,0.45,-0.026
0.47178,0.03678,0.025,378900,0.435,-0.03
0.4953,0.0353,0.03,379200,0.46,-0.038
0.50546,0.03546,0.0,379500,0.47,-0.036
0.51284,0.03284,0.015,379800,0.48,-0.042
0.52338,0.03338,-0.005,380100,0.49,-0.049
0.54991,0.03491,0.005,380400,0.515,0.017
0.51565,0.03565,0.02,380700,0.48,-0.02
0.4894,0.0344,0.015,381000,0.455,-0.048
0.47811,0.03311,0.01,381300,0.445,0.02
0.45196,0.03196,0.015,381600,0.42,0.019
0.44814,0.03314,0.01,381900,0.415,-0.005
0.45538,0.03538,-0.005,382200,0.42,-0.028
0.45012,0.03512,0.01,382500,0.415,-0.068
0.45884,0.03384,0.005,382800,0.425,-0.03
0.48129,0.03629,-0.005,383100,0.445,-0.1
0.49081,0.03581,0.0,383400,0.455,-0.01
0.49681,0.03681,0.0,383700,0.46,-0.078
0.47401,0.03901,0.0,384000,0.435,-0.017
0.47865,0.03865,-0.015,384300,0.44,-0.074
0.44253,0.03753,-0.015,384600,0.405,-0.027
0.48314,0.03814,-0.005,384900,0.445,-0.13
0.49322,0.03822,0.0,385200,0.455,-0.062
0.45344,0.03844,-0.01,385500,0.415,-0.01
0.46934,0.03934,-0.005,385800,0.43,-0.006
0.4618,0.0368,-0.01,386100,0.425,-0.05
0.46821,0.03821,-0.01,386400,0.43,-0.034
0.47168,0.03668,-0.01,386700,0.435,-0.037
0.45244,0.03744,-0.005,387000,0.415,-0.037
0.51094,0.03594,-0.02,387300,0.475,-0.021
0.47178,0.03178,-0.005,387600,0.44,-0.052
0.47652,0.03652,0.01,387900,0.44,0.054
0.48208,0.03708,0.005,388200,0.445,-0.009
0.48211,0.03711,0.005,388500,0.445,-0.096
0.48002,0.03502,-0.02,388800,0.445,-0.038
0.48584,0.03584,-0.01,389100,0.45,0.019
0.46405,0.03405,-0.005,389400,0.43,-0.031
0.43868,0.03368,-0.005,389700,0.405,-0.054
0.45759,0.03259,0.005,390000,0.425,-0.047
0.481,0.031,0.01,390300,0.45,-0.029
0.45968,0.02968,0.0,390600,0.43,-0.074
0.45099,0.03099,-0.01,390900,0.42,-0.04
0.46406,0.02906,-0.005,391200,0.435,-0.029
0.4373,0.0323,-0.01,391500,0.405,-0.011
0.44328,0.03328,0.0,391800,0.41,-0.02
0.47335,0.03335,-0.005,392100,0.44,-0.034
0.43167,0.03167,0.01,392400,0.4,-0.068
0.43909,0.03409,0.005,392700,0.405,0.081
0.45593,0.03593,0.015,393000,0.42,-0.024
0.44454,0.03454,0.01,393300,0.41,-0.013
0.45054,0.03554,0.015,393600,0.415,-0.029
0.4268,0.0368,0.01,393900,0.39,-0.011
0.43096,0.03596,0.015,394200,0.395,-0.097
0.45056,0.03556,0.02,394500,0.415,-0.064
0.43746,0.03246,0.015,394800,0.405,-0.015
0.46979,0.02979,0.01,395100,0.44,-0.05
0.47003,0.03003,0.01,395400,0.44,-0.026
0.49176,0.03176,0.015,395700,0.46,-0.0
0.45518,0.03018,0.0,396000,0.425,-0.006
0.48284,0.02784,0.005,396300,0.455,-0.095
0.473,0.028,0.005,396600,0.445,-0.036
0.47563,0.03063,0.015,396900,0.445,-0.028
0.46611,0.03111,0.02,397200,0.435,-0.001
0.4804,0.0304,0.015,397500,0.45,-0.018
0.43621,0.03121,0.025,397800,0.405,-0.044
0.4673,0.0323,0.01,398100,0.435,-0.059
0.46127,0.03127,0.015,398400,0.43,-0.07
0.4566,0.0316,0.02,398700,0.425,-0.053
0.42116,0.03116,0.015,399000,0.39,-0.003
0.47521,0.03021,0.015,399300,0.445,0.033
0.45659,0.03159,0.005,399600,0.425,-0.033
0.41749,0.03249,0.015,399900,0.385,0.006
0.47099,0.03599,0.025,400200,0.435,-0.054
0.48001,0.03501,0.02,400500,0.445,-0.068
0.41688,0.03188,0.01,400800,0.385,-0.046
0.46842,0.03342,0.025,401100,0.435,-0.028
0.44908,0.02908,0.01,401400,0.42,-0.028
0.46573,0.02573,0.015,401700,0.44,-0.023
0.46905,0.02405,0.01,402000,0.445,-0.064
0.43397,0.02397,0.015,402300,0.41,-0.003
0.44777,0.02777,0.015,402600,0.42,-0.003
0.43194,0.02694,0.01,402900,0.405,-0.026
0.44462,0.02462,0.015,403200,0.42,-0.067
0.46628,0.02628,0.015,403500,0.44,-0.02
0.47935,0.02935,0.005,403800,0.45,-0.016
0.4694,0.0294,0.015,404100,0.44,-0.071
0.468,0.028,0.01,404400,0.44,-0.007
0.45942,0.02942,0.015,404700,0.43,0.011
0.46951,0.02951,0.015,405000,0.44,-0.028
0.46524,0.03024,0.005,405300,0.435,0.043
0.46575,0.03075,0.005,405600,0.435,-0.056
0.45063,0.03063,0.025,405900,0.42,-0.04
0.46229,0.02729,0.01,406200,0.435,-0.049
0.44795,0.02795,0.01,406500,0.42,-0.008
0.46905,0.02905,0.005,406800,0.44,-0.033
0.46284,0.02784,0.015,407100,0.435,-0.057
0.46943,0.02943,0.01,407400,0.44,-0.013
0.47415,0.02915,0.005,407700,0.445,-0.035
0.4807,0.0307,0.005,408000,0.45,0.02
0.49785,0.03285,0.025,408300,0.465,-0.038
0.48138,0.03138,0.01,408600,0.45,-0.01
0.50412,0.03412,0.02,408900,0.47,0.019
0.50555,0.03555,0.01,409200,0.47,0.033
0.46549,0.03549,0.01,409500,0.43,0.011
0.47729,0.03729,0.005,409800,0.44,-0.027
0.50893,0.03893,0.005,410100,0.47,-0.007
0.48099,0.03599,0.02,410400,0.445,-0.015
0.47612,0.03612,0.005,410700,0.44,-0.056
0.48637,0.03637,0.015,411000,0.45,-0.031
0.49223,0.03723,0.015,411300,0.455,0.003
0.48573,0.03573,0.015,411600,0.45,-0.063
0.49703,0.03203,0.005,411900,0.465,-0.092
0.48597,0.03097,0.015,412200,0.455,0.019
0.48215,0.03215,0.01,412500,0.45,-0.038
0.4815,0.0315,0.005,412800,0.45,-0.102
0.51274,0.03274,-0.01,413100,0.48,-0.001
0.49785,0.03285,0.015,413400,0.465,0.02
0.5145,0.0345,0.015,413700,0.48,-0.036
0.52977,0.03477,0.0,414000,0.495,-0.012
0.52509,0.03509,0.005,414300,0.49,0.031
0.51851,0.03351,0.0,414600,0.485,-0.054
0.52459,0.03459,0.025,414900,0.49,-0.074
0.47306,0.03306,0.015,415200,0.44,-0.034
0.51815,0.03315,0.015,415500,0.485,0.017
0.51658,0.03658,0.02,415800,0.48,-0.028
0.50678,0.03678,0.005,416100,0.47,-0.028
0.50673,0.03673,0.0,416400,0.47,-0.035
0.52149,0.03649,0.01,416700,0.485,-0.019
0.51283,0.03783,0.005,417000,0.475,-0.03
0.5032,0.0382,-0.005,417300,0.465,0.006
0.52317,0.03817,-0.005,417600,0.485,-0.052
0.52333,0.03833,-0.005,417900,0.485,-0.043
0.48758,0.03758,0.01,418200,0.45,-0.012
0.48241,0.03741,0.0,418500,0.445,0.015
0.49074,0.04074,0.005,418800,0.45,-0.04
0.48898,0.03898,0.005,419100,0.45,0.014
0.47928,0.03928,0.015,419400,0.44,-0.087
0.48441,0.03941,0.01,419700,0.445,-0.029
0.47976,0.03976,0.02,420000,0.44,-0.051
0.47905,0.03905,0.01,420300,0.44,-0.035
0.48946,0.03946,0.015,420600,0.45,-0.051
0.46982,0.03982,0.02,420900,0.43,-0.001
0.4932,0.0382,0.01,421200,0.455,0.003
0.47801,0.03801,0.01,421500,0.44,-0.016
0.43966,0.03466,0.025,421800,0.405,-0.07
0.45737,0.03237,0.01,422100,0.425,-0.021
0.47019,0.03519,0.005,422400,0.435,0.003
0.48825,0.03325,0.01,422700,0.455,-0.022
0.51,0.035,0.01,423000,0.475,-0.035
0.46959,0.03459,0.005,423300,0.435,-0.022
0.44352,0.03352,0.015,423600,0.41,-0.034
0.47796,0.03296,0.01,423900,0.445,-0.034
0.44842,0.03342,0.005,424200,0.415,0.024
0.46834,0.03334,0.0,424500,0.435,-0.058
0.45926,0.03426,0.005,424800,0.425,-0.009
0.46778,0.03278,0.025,425100,0.435,-0.043
0.46892,0.03392,0.005,425400,0.435,-0.009
0.45547,0.03547,0.02,425700,0.42,-0.003
0.45683,0.03183,0.025,426000,0.425,-0.112
0.44809,0.03309,0.01,426300,0.415,-0.024
0.45869,0.03369,0.01,426600,0.425,-0.06
0.44578,0.03578,0.005,426900,0.41,-0.05
0.43462,0.03462,0.02,427200,0.4,-0.042
0.46575,0.03575,0.015,427500,0.43,-0.058
0.44288,0.03788,0.02,427800,0.405,-0.016
0.42808,0.03808,0.03,428100,0.39,-0.015
0.43239,0.03739,0.005,428400,0.395,0.01
0.41511,0.03511,0.035,428700,0.38,-0.057
0.44623,0.03623,0.01,429000,0.41,-0.003
0.41738,0.03738,0.01,429300,0.38,-0.065
0.43857,0.03857,0.01,429600,0.4,-0.042
0.41346,0.03846,0.03,429900,0.375,-0.048
0.43711,0.03711,0.01,430200,0.4,-0.088
0.41337,0.03837,0.03,430500,0.375,-0.041
0.45414,0.03914,0.01,430800,0.415,-0.105
0.4434,0.0384,0.03,431100,0.405,-0.001
0.42902,0.03902,0.025,431400,0.39,-0.006
0.43201,0.03701,0.015,431700,0.395,-0.03
0.43109,0.03609,0.005,432000,0.395,-0.079
0.44491,0.03491,0.015,432300,0.41,-0.056
0.42062,0.03562,0.015,432600,0.385,-0.069
0.42668,0.03668,0.01,432900,0.39,0.012
0.41223,0.03723,0.01,433200,0.375,-0.053
0.40287,0.03787,0.015,433500,0.365,0.015
0.39798,0.03798,0.015,433800,0.36,-0.076
0.42223,0.03723,0.01,434100,0.385,-0.046
0.43593,0.03593,0.01,434400,0.4,-0.038
0.43674,0.03674,0.015,434700,0.4,-0.056
0.43486,0.03486,0.025,435000,0.4,-0.037
0.41499,0.03499,0.015,435300,0.38,0.016
0.42228,0.03728,0.005,435600,0.385,0.001
0.46194,0.03694,0.005,435900,0.425,-0.033
0.44402,0.03402,0.025,436200,0.41,-0.036
0.41474,0.03474,0.005,436500,0.38,-0.012
0.44996,0.03496,0.005,436800,0.415,-0.061
0.44207,0.03707,0.01,437100,0.405,-0.036
0.44177,0.03677,0.01,437400,0.405,-0.05
0.45202,0.03702,0.0,437700,0.415,-0.045
0.44007,0.04007,0.02,438000,0.4,-0.055
0.44451,0.03951,0.015,438300,0.405,-0.023
0.44315,0.03815,0.015,438600,0.405,-0.038
0.45186,0.03686,0.02,438900,0.415,-0.017
0.46616,0.03616,0.005,439200,0.43,-0.042
0.45234,0.03734,0.0,439500,0.415,-0.028
0.45701,0.03701,-0.015,439800,0.42,-0.012
0.47263,0.03763,-0.005,440100,0.435,-0.055
0.42835,0.03835,0.005,440400,0.39,-0.008
0.4499,0.0399,0.01,440700,0.41,-0.036
0.46111,0.04111,0.015,441000,0.42,0.037
0.46667,0.04167,0.02,441300,0.425,-0.013
0.46114,0.04114,0.035,441600,0.42,-0.043
0.45989,0.03989,0.02,441900,0.42,-0.061
0.46018,0.04018,0.03,442200,0.42,-0.027
0.44076,0.04076,0.01,442500,0.4,-0.098
0.46059,0.04059,0.01,442800,0.42,-0.053
0.46532,0.04032,0.005,443100,0.425,-0.066
0.46068,0.04068,-0.005,443400,0.42,-0.033
0.45026,0.04026,0.005,443700,0.41,-0.073
0.46064,0.04064,0.0,444000,0.42,-0.001
0.45938,0.03938,0.0,444300,0.42,-0.04
0.46027,0.04027,-0.005,444600,0.42,-0.006
0.47068,0.04068,0.02,444900,0.43,-0.078
0.46397,0.03897,0.01,445200,0.425,0.01
0.44244,0.03744,0.005,445500,0.405,0.005
0.45905,0.03905,0.005,445800,0.42,-0.034
0.47459,0.03959,0.0,446100,0.435,-0.056
0.46118,0.04118,0.0,446400,0.42,-0.001
0.47499,0.03999,0.01,446700,0.435,-0.013
0.49563,0.04063,0.01,447000,0.455,-0.088
0.46529,0.04029,-0.005,447300,0.425,-0.02
0.46562,0.04062,0.005,447600,0.425,-0.005
0.44392,0.03892,0.0,447900,0.405,-0.026
0.43796,0.03796,0.0,448200,0.4,-0.026
0.44842,0.03842,0.01,448500,0.41,-0.004
0.43873,0.03873,0.015,448800,0.4,-0.031
0.44368,0.03868,0.01,449100,0.405,-0.016
0.43406,0.03906,0.0,449400,0.395,0.003
0.42251,0.03751,0.01,449700,0.385,-0.042
0.44814,0.03814,0.005,450000,0.41,0.024
0.4472,0.0372,0.005,450300,0.41,-0.023
0.48926,0.03926,0.01,450600,0.45,-0.019
0.45419,0.03919,0.015,450900,0.415,-0.044
0.45316,0.03816,0.005,451200,0.415,-0.075
0.46534,0.03534,0.01,451500,0.43,-0.03
0.47162,0.03662,0.005,451800,0.435,-0.014
0.45265,0.03765,0.01,452100,0.415,0.01
0.44953,0.03953,0.005,452400,0.41,0.001
0.4849,0.0399,0.005,452700,0.445,-0.053
0.45455,0.03955,0.025,453000,0.415,-0.025
0.44886,0.03886,0.015,453300,0.41,-0.031
0.44394,0.03894,0.02,453600,0.405,-0.029
0.47832,0.03832,0.01,453900,0.44,-0.028
0.48317,0.03817,-0.005,454200,0.445,-0.031
0.46001,0.04001,-0.005,454500,0.42,0.006
0.43543,0.04043,0.01,454800,0.395,0.012
0.43979,0.03979,0.005,455100,0.4,-0.048
0.46061,0.04061,0.0,455400,0.42,-0.082
0.43325,0.03825,0.02,455700,0.395,-0.08
0.44081,0.04081,0.005,456000,0.4,-0.011
0.46143,0.04143,-0.005,456300,0.42,-0.018
0.4328,0.0378,0.02,456600,0.395,-0.025
0.44161,0.03661,-0.005,456900,0.405,0.001
0.48131,0.03631,0.02,457200,0.445,-0.041
0.47983,0.03483,0.0,457500,0.445,-0.072
0.45031,0.03531,0.005,457800,0.415,0.0
0.44982,0.03482,0.01,458100,0.415,-0.022
0.461,0.036,0.0,458400,0.425,-0.055
0.4866,0.0366,0.005,458700,0.45,-0.022
0.48589,0.03589,0.015,459000,0.45,-0.061
0.48613,0.03613,0.03,459300,0.45,-0.023
0.46745,0.03745,0.025,459600,0.43,-0.025
0.42713,0.03713,0.02,459900,0.39,-0.039
0.45751,0.03751,0.02,460200,0.42,-0.055
0.47309,0.03809,0.025,460500,0.435,-0.072
0.44292,0.03792,0.02,460800,0.405,-0.029
0.42601,0.03601,0.03,461100,0.39,-0.045
0.46679,0.03679,0.025,461400,0.43,-0.035
0.4534,0.0384,0.02,461700,0.415,-0.027
0.44891,0.03891,0.015,462000,0.41,-0.052
0.47419,0.03919,0.015,462300,0.435,-0.049
0.44755,0.03755,0.025,462600,0.41,-0.056
0.44211,0.03711,0.02,462900,0.405,-0.006
0.41671,0.03671,0.02,463200,0.38,-0.034
0.44735,0.03735,0.025,463500,0.41,-0.064
0.47425,0.03925,0.025,463800,0.435,-0.068
0.46965,0.03965,0.025,464100,0.43,-0.053
0.45335,0.03835,0.02,464400,0.415,-0.04
0.47471,0.03971,0.02,464700,0.435,-0.034
0.45936,0.03936,0.01,465000,0.42,-0.023
0.47895,0.03895,-0.005,465300,0.44,-0.106
0.46988,0.03988,-0.005,465600,0.43,-0.031
0.49897,0.03897,-0.005,465900,0.46,-0.045
0.46445,0.03945,0.04,466200,0.425,-0.053
0.47377,0.03877,0.025,466500,0.435,-0.048
0.47389,0.03889,0.03,466800,0.435,-0.031
0.44333,0.03833,0.01,467100,0.405,-0.015
0.44831,0.03831,0.015,467400,0.41,-0.02
0.43225,0.03725,0.02,467700,0.395,-0.013
0.45372,0.03872,0.015,468000,0.415,-0.039
0.46972,0.03972,0.005,468300,0.43,-0.007
0.48891,0.03891,0.015,468600,0.45,-0.016
0.47375,0.03875,0.015,468900,0.435,-0.032
0.43391,0.03891,0.015,469200,0.395,-0.009
0.42885,0.03885,0.015,469500,0.39,-0.01
0.45895,0.03895,0.015,469800,0.42,-0.013
0.45303,0.03803,0.015,470100,0.415,-0.078
0.45387,0.03887,0.015,470400,0.415,-0.045
0.43976,0.03976,0.015,470700,0.4,-0.008
0.42387,0.03887,0.02,471000,0.385,-0.035
0.45415,0.03915,0.025,471300,0.415,-0.025
0.45018,0.04018,0.015,471600,0.41,-0.049
0.42415,0.03915,0.025,471900,0.385,0.022
0.46538,0.04038,0.03,472200,0.425,-0.072
0.43558,0.04058,0.02,472500,0.395,-0.014
0.42488,0.03988,0.035,472800,0.385,-0.03
0.45501,0.04001,0.025,473100,0.415,-0.072
0.48556,0.04056,0.04,473400,0.445,0.008
0.47031,0.04031,0.02,473700,0.43,-0.06
0.43428,0.03928,0.025,474000,0.395,-0.031
0.46435,0.03935,0.025,474300,0.425,-0.047
0.43962,0.03962,0.005,474600,0.4,-0.014
0.48034,0.04034,0.02,474900,0.44,-0.007
0.48119,0.04119,0.01,475200,0.44,-0.002
0.49463,0.03963,0.025,475500,0.455,-0.032
0.51568,0.04068,0.005,475800,0.475,-0.025
0.4852,0.0402,0.03,476100,0.445,-0.037
0.49956,0.03956,0.015,476400,0.46,-0.089
0.51116,0.04116,0.01,476700,0.47,-0.021
0.50405,0.03905,-0.005,477000,0.465,-0.027
0.47314,0.03814,0.01,477300,0.435,-0.072
0.49389,0.03889,0.01,477600,0.455,-0.014
0.47412,0.03912,0.025,477900,0.435,-0.047
0.49414,0.03914,0.005,478200,0.455,-0.039
0.4783,0.0383,0.015,478500,0.44,-0.065
0.49933,0.03933,0.02,478800,0.46,-0.047
0.49421,0.03921,0.01,479100,0.455,-0.034
0.5046,0.0396,0.0,479400,0.465,-0.044
0.49379,0.03879,0.005,479700,0.455,-0.025
0.49378,0.03878,0.01,480000,0.455,-0.008
0.48384,0.03884,0.005,480300,0.445,0.017
0.45926,0.03926,0.005,480600,0.42,0.025
0.47501,0.04001,0.01,480900,0.435,-0.084
0.46925,0.03925,-0.005,481200,0.43,-0.081
0.46991,0.03991,0.005,481500,0.43,-0.002
0.47474,0.03974,0.015,481800,0.435,-0.028
0.44883,0.03883,-0.005,482100,0.41,-0.021
0.46479,0.03979,0.02,482400,0.425,-0.028
0.49411,0.03911,0.02,482700,0.455,-0.033
0.48951,0.03951,0.01,483000,0.45,0.016
0.47922,0.03922,0.01,483300,0.44,-0.054
0.46951,0.03951,0.005,483600,0.43,-0.029
0.46138,0.04138,0.015,483900,0.42,-0.032
0.48677,0.04177,0.005,484200,0.445,-0.038
0.46595,0.04095,0.01,484500,0.425,-0.061
0.49623,0.04123,0.005,484800,0.455,-0.059
0.46958,0.03958,0.0,485100,0.43,-0.04
0.47925,0.03925,0.01,485400,0.44,-0.078
0.504,0.039,-0.015,485700,0.465,-0.016
0.50547,0.04047,0.0,486000,0.465,-0.047
0.49001,0.04001,-0.01,486300,0.45,0.009
0.4936,0.0386,0.015,486600,0.455,-0.019
0.47356,0.03856,0.015,486900,0.435,-0.022
0.48986,0.03986,0.015,487200,0.45,-0.104
0.47406,0.03906,0.01,487500,0.435,-0.016
0.47483,0.03983,0.01,487800,0.435,-0.025
0.48304,0.03804,0.01,488100,0.445,-0.023
0.45319,0.03819,0.01,488400,0.415,-0.011
0.43929,0.03929,0.025,488700,0.4,-0.011
0.47003,0.04003,0.02,489000,0.43,-0.012
0.45022,0.04022,0.01,489300,0.41,-0.012
0.45023,0.04023,0.01,489600,0.41,-0.033
0.4792,0.0392,0.015,489900,0.44,-0.049
0.45598,0.03598,0.02,490200,0.42,-0.007
0.47314,0.03814,0.025,490500,0.435,-0.029
0.47844,0.03844,0.015,490800,0.44,0.008
0.48379,0.03879,0.01,491100,0.445,-0.024
0.47816,0.03816,0.015,491400,0.44,-0.095
0.48279,0.03779,0.0,491700,0.445,-0.017
0.48881,0.03881,0.0,492000,0.45,-0.005
0.48285,0.03785,0.005,492300,0.445,0.004
0.50395,0.03895,0.0,492600,0.465,-0.008
0.48925,0.03925,0.02,492900,0.45,-0.049
0.45865,0.03865,-0.01,493200,0.42,-0.035
0.44304,0.03804,0.0,493500,0.405,-0.058
0.47377,0.03877,-0.015,493800,0.435,-0.049
0.47804,0.03804,-0.01,494100,0.44,-0.03
0.48725,0.03725,-0.005,494400,0.45,-0.018
0.47531,0.03531,0.0,494700,0.44,-0.064
0.47129,0.03629,-0.005,495000,0.435,-0.049
0.4806,0.0356,0.01,495300,0.445,-0.072
0.45743,0.03243,0.005,495600,0.425,0.004
0.44829,0.03329,0.0,495900,0.415,0.019
0.46413,0.03413,0.0,496200,0.43,-0.013
0.4352,0.0352,0.005,496500,0.4,-0.061
0.42909,0.03409,0.015,496800,0.395,-0.028
0.44468,0.03468,0.005,497100,0.41,-0.029
0.43575,0.03575,0.02,497400,0.4,-0.014
0.44616,0.03616,0.02,497700,0.41,0.018
0.44705,0.03705,0.0,498000,0.41,-0.023
0.45558,0.03558,-0.015,498300,0.42,-0.023
0.46168,0.03668,0.005,498600,0.425,0.006
0.43189,0.03689,0.015,498900,0.395,-0.042
0.44094,0.03594,0.02,499200,0.405,-0.04
0.43994,0.03494,0.02,499500,0.405,-0.016
0.42925,0.03425,0.01,499800,0.395,-0.018
0.42108,0.03608,0.005,500100,0.385,-0.033
0.42572,0.03572,0.005,500400,0.39,0.001
0.44447,0.03447,0.005,500700,0.41,-0.087
0.45035,0.03535,0.01,501000,0.415,-0.054
0.45063,0.03563,0.005,501300,0.415,0.026
0.44659,0.03659,-0.005,501600,0.41,0.006
0.46762,0.03762,0.0,501900,0.43,-0.022
0.46722,0.03722,0.015,502200,0.43,-0.034
0.4567,0.0367,0.01,502500,0.42,-0.041
0.46136,0.03636,-0.005,502800,0.425,-0.071
0.46134,0.03634,0.0,503100,0.425,-0.015
0.45619,0.03619,0.005,503400,0.42,-0.041
0.45804,0.03804,-0.005,503700,0.42,0.04
0.47839,0.03839,-0.005,504000,0.44,0.01
0.47469,0.03969,0.0,504300,0.435,0.015
0.45291,0.03791,-0.005,504600,0.415,-0.042
0.45783,0.03783,0.005,504900,0.42,-0.065
0.46332,0.03832,0.0,505200,0.425,0.029
0.47947,0.03947,0.005,505500,0.44,-0.04
0.48858,0.03858,0.0,505800,0.45,-0.033
0.46946,0.03946,-0.005,506100,0.43,-0.018
0.46511,0.04011,0.0,506400,0.425,-0.005
0.46401,0.03901,0.0,506700,0.425,-0.009
0.47964,0.03964,-0.005,507000,0.44,-0.022
0.4745,0.0395,0.0,507300,0.435,0.005
0.49357,0.03857,0.005,507600,0.455,-0.074
0.49429,0.03929,0.005,507900,0.455,-0.027
0.49323,0.03823,0.01,508200,0.455,-0.076
0.50908,0.03908,0.01,508500,0.47,-0.004
0.51436,0.03936,0.015,508800,0.475,-0.056
0.50956,0.03956,0.005,509100,0.47,-0.03
0.48001,0.04001,0.005,509400,0.44,-0.035
0.49947,0.03947,0.005,509700,0.46,-0.049
0.50695,0.04195,-0.01,510000,0.465,-0.017
0.49549,0.04049,0.005,510300,0.455,0.01
0.51115,0.04115,0.005,510600,0.47,-0.049
0.50071,0.04071,0.01,510900,0.46,0.009
0.47499,0.03999,0.005,511200,0.435,-0.015
0.49091,0.04091,0.015,511500,0.45,-0.007
0.48574,0.04074,0.015,511800,0.445,-0.037
0.48542,0.04042,0.005,512100,0.445,-0.096
0.49574,0.04074,0.0,512400,0.455,-0.065
0.48456,0.03956,0.015,512700,0.445,0.0
0.50099,0.04099,0.02,513000,0.46,-0.089
0.50032,0.04032,0.015,513300,0.46,-0.022
0.51012,0.04012,0.005,513600,0.47,-0.043
0.48538,0.04038,0.015,513900,0.445,0.02
0.48494,0.03994,0.02,514200,0.445,-0.044
0.43767,0.03767,0.025,514500,0.4,-0.007
0.46495,0.03995,0.015,514800,0.425,-0.049
0.45997,0.03997,0.015,515100,0.42,-0.038
0.48084,0.04084,0.025,515400,0.44,0.01
0.46976,0.03976,0.02,515700,0.43,-0.052
0.49166,0.04166,0.025,516000,0.45,-0.005
0.4608,0.0408,0.015,516300,0.42,-0.02
0.48536,0.04036,0.015,516600,0.445,-0.04
0.48835,0.03835,0.02,516900,0.45,-0.097
0.50326,0.03826,0.005,517200,0.465,0.017
0.51263,0.03763,0.0,517500,0.475,-0.01
0.50415,0.03915,-0.005,517800,0.465,-0.032
0.51876,0.03876,0.0,518100,0.48,-0.085
0.50815,0.03815,0.01,518400,0.47,-0.034
0.51153,0.03653,0.0,518700,0.475,-0.051
0.50301,0.03801,0.005,519000,0.465,-0.01
0.50912,0.03912,0.01,519300,0.47,-0.053
0.52275,0.03775,0.0,519600,0.485,-0.037
0.53263,0.03763,0.01,519900,0.495,-0.025
0.49219,0.03719,0.01,520200,0.455,-0.01
0.50863,0.03863,0.01,520500,0.47,-0.036
0.49475,0.03975,0.02,520800,0.455,-0.048
0.45821,0.03821,0.01,521100,0.42,-0.034
0.47865,0.03865,0.005,521400,0.44,-0.034
0.47542,0.04042,0.02,521700,0.435,-0.06
0.47467,0.03967,0.01,522000,0.435,-0.061
0.47368,0.03868,0.005,522300,0.435,-0.01
0.46374,0.03874,0.015,522600,0.425,-0.056
0.46355,0.03855,0.005,522900,0.425,-0.049
0.46376,0.03876,0.015,523200,0.425,-0.051
0.47501,0.04001,0.01,523500,0.435,-0.078
0.44917,0.03917,0.03,523800,0.41,-0.079
0.46835,0.03835,0.015,524100,0.43,-0.023
0.46423,0.03923,0.015,524400,0.425,-0.031
0.49372,0.03872,0.01,524700,0.455,-0.052
0.46398,0.03898,0.005,525000,0.425,-0.026
0.48965,0.03965,0.02,525300,0.45,-0.04
0.45866,0.03866,0.025,525600,0.42,-0.022
0.44559,0.04059,0.025,525900,0.405,-0.054
0.47806,0.03806,0.025,526200,0.44,-0.026
0.47972,0.03972,0.015,526500,0.44,-0.032
0.49552,0.04052,0.005,526800,0.455,-0.022
0.47369,0.03869,0.025,527100,0.435,-0.046
0.46865,0.03865,0.01,527400,0.43,-0.03
0.478,0.038,0.01,527700,0.44,0.015
0.48878,0.03878,0.025,528000,0.45,-0.058
0.49301,0.03801,0.005,528300,0.455,-0.005
0.50793,0.03793,0.025,528600,0.47,0.001
0.51348,0.03848,0.02,528900,0.475,-0.024
0.50884,0.03884,0.02,529200,0.47,-0.004
0.50476,0.03976,0.025,529500,0.465,-0.054
0.49942,0.03942,0.01,529800,0.46,-0.021
0.49465,0.03965,0.015,530100,0.455,-0.059
0.50049,0.04049,0.015,530400,0.46,-0.029
0.47452,0.03952,0.0,530700,0.435,-0.015
0.48993,0.03993,0.015,531000,0.45,-0.044
0.50475,0.03975,0.045,531300,0.465,-0.055
0.48452,0.03952,0.035,531600,0.445,-0.093
0.4948,0.0398,0.015,531900,0.455,-0.014
0.47414,0.03914,0.02,532200,0.435,-0.029
0.5056,0.0406,0.03,532500,0.465,-0.025
0.48931,0.03931,0.005,532800,0.45,-0.012
0.49586,0.04086,-0.01,533100,0.455,-0.006
0.49955,0.03955,0.015,533400,0.46,-0.031
0.52511,0.04011,0.015,533700,0.485,-0.004
0.50494,0.03994,0.015,534000,0.465,-0.032
0.50554,0.04054,0.005,534300,0.465,-0.054
0.48032,0.04032,0.015,534600,0.44,-0.081
0.51531,0.04031,0.02,534900,0.475,-0.031
0.50529,0.04029,0.01,535200,0.465,0.001
0.4952,0.0402,0.03,535500,0.455,-0.03
0.5007,0.0407,0.015,535800,0.46,-0.042
0.50961,0.03961,0.035,536100,0.47,-0.0
0.5245,0.0395,0.035,536400,0.485,-0.009
0.52082,0.04082,0.015,536700,0.48,0.027
0.50972,0.03972,0.03,537000,0.47,-0.057
0.49473,0.03973,0.035,537300,0.455,-0.01
0.4902,0.0402,0.01,537600,0.45,-0.021
0.49443,0.03943,0.02,537900,0.455,-0.012
0.48283,0.03783,0.015,538200,0.445,-0.019
0.48345,0.03845,0.02,538500,0.445,-0.026
0.46796,0.03796,0.025,538800,0.43,-0.082
0.47784,0.03784,0.02,539100,0.44,-0.057
0.49889,0.03889,0.025,539400,0.46,-0.016
0.47899,0.03899,0.025,539700,0.44,-0.027
0.48741,0.03741,0.01,540000,0.45,-0.026
0.50104,0.03604,0.01,540300,0.465,-0.087
0.48617,0.03617,0.015,540600,0.45,0.031
0.49644,0.03644,0.02,540900,0.46,-0.061
0.47172,0.03672,0.015,541200,0.435,0.019
0.48732,0.03732,0.025,541500,0.45,-0.021
0.4923,0.0373,0.025,541800,0.455,-0.059
0.46524,0.03524,0.03,542100,0.43,-0.02
0.47486,0.03486,0.025,542400,0.44,-0.013
0.48028,0.03528,0.015,542700,0.445,-0.061
0.44675,0.03675,0.015,543000,0.41,0.05
0.44638,0.03638,0.035,543300,0.41,-0.028
0.44715,0.03715,0.035,543600,0.41,-0.033
0.45273,0.03273,0.015,543900,0.42,-0.002
0.45416,0.03416,0.015,544200,0.42,-0.017
0.46511,0.03511,0.025,544500,0.43,-0.022
0.45615,0.03615,0.035,544800,0.42,-0.023
0.46269,0.03769,0.035,545100,0.425,-0.008
0.46276,0.03776,0.035,545400,0.425,0.003
0.46431,0.03931,0.045,545700,0.425,-0.023
0.49569,0.04069,0.04,546000,0.455,-0.024
0.49056,0.04056,0.02,546300,0.45,-0.013
0.49474,0.03974,0.025,546600,0.455,-0.075
0.48421,0.03921,0.035,546900,0.445,-0.007
0.46331,0.03831,0.03,547200,0.425,-0.02
0.47294,0.03794,0.03,547500,0.435,0.012
0.45842,0.03842,0.03,547800,0.42,-0.036
0.44296,0.03796,0.035,548100,0.405,-0.045
0.46964,0.03964,0.045,548400,0.43,-0.01
0.49429,0.03929,0.015,548700,0.455,-0.005
0.46821,0.03821,0.005,549000,0.43,-0.048
0.49786,0.03786,0.015,549300,0.46,-0.076
0.45256,0.03256,0.0,549600,0.42,-0.038
0.45761,0.03261,0.01,549900,0.425,-0.059
0.44368,0.03368,0.015,550200,0.41,0.062
0.45544,0.03544,0.01,550500,0.42,-0.057
0.42595,0.03595,0.035,550800,0.39,-0.013
0.44146,0.03646,0.015,551100,0.405,-0.04
0.46842,0.03842,0.025,551400,0.43,-0.02
0.47264,0.03764,0.02,551700,0.435,-0.013
0.47199,0.03699,0.015,552000,0.435,-0.057
0.44988,0.03488,0.02,552300,0.415,-0.05
0.44351,0.03351,0.015,552600,0.41,-0.079
0.46317,0.03317,0.01,552900,0.43,-0.048
0.44131,0.03631,0.01,553200,0.405,-0.068
0.46611,0.03611,0.01,553500,0.43,0.017
0.46981,0.03481,0.025,553800,0.435,-0.064
